-- phpMyAdmin SQL Dump
-- version 4.7.4
-- https://www.phpmyadmin.net/
--
-- Host: 127.0.0.1
-- Generation Time: Mar 01, 2018 at 03:20 PM
-- Server version: 10.1.26-MariaDB
-- PHP Version: 7.1.9

SET SQL_MODE = "NO_AUTO_VALUE_ON_ZERO";
SET AUTOCOMMIT = 0;
START TRANSACTION;
SET time_zone = "+00:00";


/*!40101 SET @OLD_CHARACTER_SET_CLIENT=@@CHARACTER_SET_CLIENT */;
/*!40101 SET @OLD_CHARACTER_SET_RESULTS=@@CHARACTER_SET_RESULTS */;
/*!40101 SET @OLD_COLLATION_CONNECTION=@@COLLATION_CONNECTION */;
/*!40101 SET NAMES utf8mb4 */;

--
-- Database: `menshoes`
--

-- --------------------------------------------------------

--
-- Table structure for table `categories`
--

CREATE TABLE `categories` (
  `id` int(10) UNSIGNED NOT NULL,
  `name` varchar(191) COLLATE utf8mb4_unicode_ci NOT NULL,
  `slug` varchar(191) COLLATE utf8mb4_unicode_ci NOT NULL,
  `created_at` timestamp NULL DEFAULT NULL,
  `updated_at` timestamp NULL DEFAULT NULL
) ENGINE=InnoDB DEFAULT CHARSET=utf8mb4 COLLATE=utf8mb4_unicode_ci;

--
-- Dumping data for table `categories`
--

INSERT INTO `categories` (`id`, `name`, `slug`, `created_at`, `updated_at`) VALUES
(1, 'Adidas', 'adidas', '2018-01-18 02:45:25', '2018-01-18 03:23:28'),
(2, 'Nike', 'nike', '2018-01-18 03:05:43', '2018-01-18 03:05:43'),
(3, 'Puma', 'puma', '2018-01-25 10:59:41', '2018-01-25 10:59:41');

-- --------------------------------------------------------

--
-- Table structure for table `customers`
--

CREATE TABLE `customers` (
  `id` int(10) UNSIGNED NOT NULL,
  `name` varchar(191) COLLATE utf8mb4_unicode_ci NOT NULL,
  `email` varchar(191) COLLATE utf8mb4_unicode_ci NOT NULL,
  `phone_number` int(11) NOT NULL,
  `status` int(11) NOT NULL,
  `created_at` timestamp NULL DEFAULT NULL,
  `updated_at` timestamp NULL DEFAULT NULL
) ENGINE=InnoDB DEFAULT CHARSET=utf8mb4 COLLATE=utf8mb4_unicode_ci;

--
-- Dumping data for table `customers`
--

INSERT INTO `customers` (`id`, `name`, `email`, `phone_number`, `status`, `created_at`, `updated_at`) VALUES
(2, 'vu', 'vu@gmail.com', 905555555, 2, '2018-01-28 15:37:10', '2018-01-28 15:42:25'),
(3, 'long', 'long@gmail.com', 43294239, 0, '2018-02-06 08:08:42', '2018-02-06 08:08:42'),
(4, 'vu', 'vu@gmail.com', 904477468, 0, '2018-02-13 09:03:56', '2018-02-13 09:03:56');

-- --------------------------------------------------------

--
-- Table structure for table `imagedetailproducts`
--

CREATE TABLE `imagedetailproducts` (
  `id` int(10) UNSIGNED NOT NULL,
  `image` varchar(191) COLLATE utf8mb4_unicode_ci NOT NULL,
  `id_product` int(10) UNSIGNED NOT NULL,
  `created_at` timestamp NULL DEFAULT NULL,
  `updated_at` timestamp NULL DEFAULT NULL
) ENGINE=InnoDB DEFAULT CHARSET=utf8mb4 COLLATE=utf8mb4_unicode_ci;

--
-- Dumping data for table `imagedetailproducts`
--

INSERT INTO `imagedetailproducts` (`id`, `image`, `id_product`, `created_at`, `updated_at`) VALUES
(1, 'giay-Nike-Dualtone-Racer-SE-den-nam-02-600x600_0.jpg', 1, '2018-01-18 08:44:07', '2018-01-18 08:44:07'),
(2, 'giay-Nike-Dualtone-Racer-SE-den-nam-03-600x600_0.jpg', 1, '2018-01-18 08:44:07', '2018-01-18 08:44:07'),
(3, 'giay-Nike-Dualtone-Racer-SE-Navy-nam-03-600x600_0.jpg', 1, '2018-01-18 08:44:07', '2018-01-18 08:44:07'),
(4, 'giay-Nike-Dualtone-Racer-SE-Navy-nam-04-600x600_0.jpg', 1, '2018-01-18 08:44:07', '2018-01-18 08:44:07'),
(5, 'giay-Nike-Dualtone-Racer-SE-Navy-nam-05-600x600_0.jpg', 1, '2018-01-18 08:44:07', '2018-01-18 08:44:07'),
(6, 'giay-nike-roshe-two-nam-xanh-xam-03-600x600_0.jpg', 2, '2018-01-18 08:58:39', '2018-01-18 08:58:39'),
(7, 'giay-nike-roshe-two-nam-xanh-xam-04-600x600_0.jpg', 2, '2018-01-18 08:58:39', '2018-01-18 08:58:39'),
(8, 'giay-nike-roshe-two-nam-xanh-xam-06-600x600_0.jpg', 2, '2018-01-18 08:58:39', '2018-01-18 08:58:39'),
(9, 'giay-Nike-Air-Zoom-Pegasus-92-nam-den-trang-03-600x600_0.jpg', 3, '2018-01-18 09:02:35', '2018-01-18 09:02:35'),
(10, 'giay-Nike-Air-Zoom-Pegasus-92-nam-den-trang-04-600x600_0.jpg', 3, '2018-01-18 09:02:35', '2018-01-18 09:02:35'),
(11, 'giay-Nike-Air-Zoom-Pegasus-92-nam-den-trang-05-600x600_0.jpg', 3, '2018-01-18 09:02:35', '2018-01-18 09:02:35'),
(12, 'giay-adidas-Stan-Smith-02-600x600_0.jpg', 4, '2018-01-18 09:04:46', '2018-01-18 09:04:46'),
(13, 'giay-adidas-Stan-Smith-04-600x600_0.jpg', 4, '2018-01-18 09:04:46', '2018-01-18 09:04:46'),
(14, 'giay-adidas-Stan-Smith-07-600x600_0.jpg', 4, '2018-01-18 09:04:46', '2018-01-18 09:04:46'),
(22, 'giay adias11111.jpg', 6, '2018-01-23 03:56:56', '2018-01-23 03:56:56'),
(23, 'giay-adidas-Busenitz-Pro-nam-den-nau-04-600x600_0.jpg', 6, '2018-01-23 03:56:56', '2018-01-23 03:56:56'),
(24, 'giay-adidas-Busenitz-Pro-nam-den-nau-05-600x600_0.jpg', 6, '2018-01-23 03:56:56', '2018-01-23 03:56:56'),
(25, 'giay-adidas-Busenitz-Pro-nam-xanh-navy-0 2-600x600_0.jpg', 7, '2018-01-25 06:23:26', '2018-01-25 06:23:26'),
(26, 'giay-adidas-Busenitz-Pro-nam-xanh-navy-0 4-600x600_0.jpg', 7, '2018-01-25 06:23:26', '2018-01-25 06:23:26'),
(27, 'giay-adidas-Busenitz-Pro-nam-xanh-navy-0 5-600x600_0.jpg', 7, '2018-01-25 06:23:26', '2018-01-25 06:23:26'),
(28, 'giay-adidas-campus-nam-xam-02-600x600_0.jpg', 8, '2018-01-25 06:25:12', '2018-01-25 06:25:12'),
(29, 'giay-adidas-campus-nam-xam-03-600x600_0.jpg', 8, '2018-01-25 06:25:12', '2018-01-25 06:25:12'),
(30, 'giay-adidas-campus-nam-xam-04-600x600_0.jpg', 8, '2018-01-25 06:25:12', '2018-01-25 06:25:12'),
(31, 'giay-adidas-Busenitz-Pro-nam-nau-vang-02-600x600_0.jpg', 9, '2018-01-25 06:30:41', '2018-01-25 06:30:41'),
(32, 'giay-adidas-Busenitz-Pro-nam-nau-vang-03-600x600_0.jpg', 9, '2018-01-25 06:30:41', '2018-01-25 06:30:41'),
(33, 'giay-adidas-Busenitz-Pro-nam-nau-vang-04-600x600_0.jpg', 9, '2018-01-25 06:30:41', '2018-01-25 06:30:41'),
(34, 'giay-puma-smash-SD-nam-xanh-reu-01-600x600_0.jpg', 10, '2018-01-25 11:02:21', '2018-01-25 11:02:21'),
(35, 'giay-puma-smash-SD-nam-xanh-reu-03-600x600_0.jpg', 10, '2018-01-25 11:02:21', '2018-01-25 11:02:21'),
(36, 'giay-puma-smash-SD-nam-xanh-reu-04-600x600_0.jpg', 10, '2018-01-25 11:02:21', '2018-01-25 11:02:21'),
(37, 'giay-puma-suede-badge- nam-xam-01-600x600_0.jpg', 11, '2018-01-25 11:04:58', '2018-01-25 11:04:58'),
(38, 'giay-puma-suede-badge- nam-xam-02-600x600_0.jpg', 11, '2018-01-25 11:04:58', '2018-01-25 11:04:58'),
(39, 'giay-puma-suede-badge- nam-xam-04-600x600_0.jpg', 11, '2018-01-25 11:04:58', '2018-01-25 11:04:58'),
(40, 'giay-puma-basket-classic-citi-nam-navy-02-600x600_0.jpg', 12, '2018-01-25 11:07:15', '2018-01-25 11:07:15'),
(41, 'giay-puma-basket-classic-citi-nam-navy-03-600x600_0.jpg', 12, '2018-01-25 11:07:15', '2018-01-25 11:07:15'),
(42, 'giay-puma-basket-classic-citi-nam-navy-04-600x600_0.jpg', 12, '2018-01-25 11:07:15', '2018-01-25 11:07:15'),
(43, 'giay-adidas-superstar-nam-xanh-navy-02-600x600_0.jpg', 13, '2018-01-26 14:34:46', '2018-01-26 14:34:46'),
(44, 'giay-adidas-superstar-nam-xanh-navy-04-600x600_0.jpg', 13, '2018-01-26 14:34:46', '2018-01-26 14:34:46'),
(45, 'giay-adidas-superstar-nam-xanh-navy-05-600x600_0.jpg', 13, '2018-01-26 14:34:46', '2018-01-26 14:34:46'),
(46, 'giay-adidas-Los-Angeles-AQ5464-02-600x600_0.jpg', 14, '2018-01-26 14:36:19', '2018-01-26 14:36:19'),
(47, 'giay-adidas-Los-Angeles-AQ5464-04-600x600_0.jpg', 14, '2018-01-26 14:36:19', '2018-01-26 14:36:19'),
(50, 'Screenshot (30).png', 15, '2018-02-25 08:12:34', '2018-02-25 08:12:34');

-- --------------------------------------------------------

--
-- Table structure for table `migrations`
--

CREATE TABLE `migrations` (
  `id` int(10) UNSIGNED NOT NULL,
  `migration` varchar(191) COLLATE utf8mb4_unicode_ci NOT NULL,
  `batch` int(11) NOT NULL
) ENGINE=InnoDB DEFAULT CHARSET=utf8mb4 COLLATE=utf8mb4_unicode_ci;

--
-- Dumping data for table `migrations`
--

INSERT INTO `migrations` (`id`, `migration`, `batch`) VALUES
(1, '2014_10_12_000000_create_users_table', 1),
(2, '2014_10_12_100000_create_password_resets_table', 1),
(3, '2018_01_17_111749_create_categories_table', 1),
(4, '2018_01_17_111901_create_slides_table', 2),
(5, '2018_01_17_111958_create_sildethreeimage_table', 2),
(6, '2018_01_17_112923_create_products_table', 3),
(7, '2018_01_18_104852_create_imagedetailproducts_table', 4),
(8, '2018_01_28_161834_create_customers_table', 5),
(9, '2018_01_28_162522_create_order_table', 6);

-- --------------------------------------------------------

--
-- Table structure for table `order`
--

CREATE TABLE `order` (
  `id` int(10) UNSIGNED NOT NULL,
  `name` varchar(191) COLLATE utf8mb4_unicode_ci NOT NULL,
  `qty` int(11) NOT NULL,
  `price` int(11) NOT NULL,
  `image` varchar(191) COLLATE utf8mb4_unicode_ci NOT NULL,
  `id_cus` int(10) UNSIGNED NOT NULL,
  `created_at` timestamp NULL DEFAULT NULL,
  `updated_at` timestamp NULL DEFAULT NULL
) ENGINE=InnoDB DEFAULT CHARSET=utf8mb4 COLLATE=utf8mb4_unicode_ci;

--
-- Dumping data for table `order`
--

INSERT INTO `order` (`id`, `name`, `qty`, `price`, `image`, `id_cus`, `created_at`, `updated_at`) VALUES
(4, 'Giày Adidas Los Angeles - Xanh camo', 2, 1490000, 'giay-adidas-Los-Angeles-AQ5464-01-600x600_0.jpg', 2, '2018-01-28 15:37:10', '2018-01-28 15:37:10'),
(5, 'Giày adidas Campus Nam - Xám', 1, 2290000, 'giay-adidas-campus-nam-xam-01-600x600_0.jpg', 2, '2018-01-28 15:37:10', '2018-01-28 15:37:10'),
(6, 'Giày Puma Smash SD Nam - Xanh Rêu', 1, 1290000, 'giay-puma-smash-SD-nam-xanh-reu-02-600x600_0.jpg', 2, '2018-01-28 15:37:10', '2018-01-28 15:37:10'),
(7, 'Giày adidas Campus Nam - Xám', 1, 2290000, 'giay-adidas-campus-nam-xam-01-600x600_0.jpg', 3, '2018-02-06 08:08:42', '2018-02-06 08:08:42'),
(8, 'Giày Nike Dualtone Racer SE - Đen', 1, 2090000, 'giay-Nike-Dualtone-Racer-SE-den-nam-01-600x600_0.jpg', 3, '2018-02-06 08:08:42', '2018-02-06 08:08:42'),
(9, 'Giày Adidas Los Angeles - Xanh camo', 1, 1490000, 'giay-adidas-Los-Angeles-AQ5464-01-600x600_0.jpg', 3, '2018-02-06 08:08:42', '2018-02-06 08:08:42'),
(10, 'Giày Nike Roshe Two Nam - Xanh Xám', 1, 2350000, 'giay-nike-roshe-two-nam-xanh-xam-02-600x600_0.jpg', 4, '2018-02-13 09:03:56', '2018-02-13 09:03:56'),
(11, 'Giày adidas Busenitz Pro Nam - Nâu Vàng', 2, 1550000, 'giay-adidas-Busenitz-Pro-nam-nau-vang-01-600x600_0.jpg', 4, '2018-02-13 09:03:56', '2018-02-13 09:03:56');

-- --------------------------------------------------------

--
-- Table structure for table `password_resets`
--

CREATE TABLE `password_resets` (
  `email` varchar(191) COLLATE utf8mb4_unicode_ci NOT NULL,
  `token` varchar(191) COLLATE utf8mb4_unicode_ci NOT NULL,
  `created_at` timestamp NULL DEFAULT NULL
) ENGINE=InnoDB DEFAULT CHARSET=utf8mb4 COLLATE=utf8mb4_unicode_ci;

-- --------------------------------------------------------

--
-- Table structure for table `products`
--

CREATE TABLE `products` (
  `id` int(10) UNSIGNED NOT NULL,
  `name` varchar(191) COLLATE utf8mb4_unicode_ci NOT NULL,
  `slug` varchar(191) COLLATE utf8mb4_unicode_ci NOT NULL,
  `price` int(11) NOT NULL,
  `pricesale` int(11) NOT NULL,
  `des` text COLLATE utf8mb4_unicode_ci NOT NULL,
  `content` text COLLATE utf8mb4_unicode_ci NOT NULL,
  `image` varchar(191) COLLATE utf8mb4_unicode_ci NOT NULL,
  `id_user` int(10) UNSIGNED NOT NULL,
  `id_cate` int(10) UNSIGNED NOT NULL,
  `created_at` timestamp NULL DEFAULT NULL,
  `updated_at` timestamp NULL DEFAULT NULL
) ENGINE=InnoDB DEFAULT CHARSET=utf8mb4 COLLATE=utf8mb4_unicode_ci;

--
-- Dumping data for table `products`
--

INSERT INTO `products` (`id`, `name`, `slug`, `price`, `pricesale`, `des`, `content`, `image`, `id_user`, `id_cate`, `created_at`, `updated_at`) VALUES
(1, 'Giày Nike Dualtone Racer SE - Đen', 'giay-nike-dualtone-racer-se-den', 2610000, 2090000, '<p><span style=\"font-family:times new roman,times,serif\"><span style=\"font-size:16px\"><em>Gi&agrave;y Nike Dualtone Racer SE tự h&agrave;o l&agrave; một tuyệt phẩm được ra mắt bởi Nike.</em><br />\r\nVới phi&ecirc;n bản mới n&agrave;y, Nike chăm ch&uacute;t hơn v&agrave;o kh&acirc;u thiết kế, l&agrave;m sao cho gi&agrave;y Nike Dualtone Racer SE trở n&ecirc;n nhanh hơn, linh hoạt hơn, đẹp hơn.</span></span></p>', '<h2>Gi&agrave;y Nike Dualtone Racer SE - Đen</h2>\r\n\r\n<p><span style=\"font-family:times new roman,times,serif\"><span style=\"font-size:16px\"><em>Gi&agrave;y Nike Dualtone Racer SE tự h&agrave;o l&agrave; một tuyệt phẩm được ra mắt bởi Nike.</em><br />\r\nVới phi&ecirc;n bản mới n&agrave;y, Nike chăm ch&uacute;t hơn v&agrave;o kh&acirc;u thiết kế, l&agrave;m sao cho gi&agrave;y Nike Dualtone Racer SE trở n&ecirc;n nhanh hơn, linh hoạt hơn, đẹp hơn.<br />\r\nPhần upper với chất liệu cực nhẹ, mềm mại &ocirc;m kh&iacute;t lấy ch&acirc;n bạn. Đế giữa sử dụng linh hoạt tỉ lệ v&agrave; mật độ vật chất tăng khả năng thăng bằng, giảm rủi ro ng&atilde;. Miếng đ&ecirc;m cao su mỏng được sử dụng mang lại độ &ecirc;m &aacute;i cho từng bước ch&acirc;n.&nbsp;<br />\r\nHơn nữa, kiểu d&aacute;ng thời trang khỏe khoắn c&ugrave;ng m&agrave;u sắc h&agrave;i h&ograve;a trung t&iacute;nh, đi l&agrave;m hay đi chơi bạn đều c&oacute; thể kết hợp với gi&agrave;y Nike Dualtone Racer SE một c&aacute;ch linh hoạt v&agrave; hợp mốt.</span></span></p>\r\n\r\n<p><em><strong><span style=\"font-family:&quot;times new roman&quot;,times,serif\"><span style=\"font-size:16px\">Gi&agrave;y Nike Dualtone Racer SE ch&iacute;nh h&atilde;ng tại&nbsp;<a href=\"http://myshoes.vn\" target=\"_blank\">Myshoes.vn</a>&nbsp;được nhập khẩu trực tiếp tại Mỹ qua đường h&agrave;ng kh&ocirc;ng. Full box, đầy đủ phụ kiện.</span></span></strong></em></p>\r\n\r\n<p style=\"text-align:center\"><img alt=\"Giày Nike Dualtone Racer SE đen\" src=\"http://myshoes.vn/image/data/product/nike/1.2018/giay-Nike-Dualtone-Racer-SE-den-nam-01.jpg\" /></p>\r\n\r\n<p style=\"text-align:center\"><img alt=\"Giày Nike Dualtone Racer SE đen\" src=\"http://myshoes.vn/image/data/product/nike/1.2018/giay-Nike-Dualtone-Racer-SE-den-nam-02.jpg\" /></p>\r\n\r\n<p style=\"text-align:center\"><img alt=\"Giày Nike Dualtone Racer SE đen\" src=\"http://myshoes.vn/image/data/product/nike/1.2018/giay-Nike-Dualtone-Racer-SE-den-nam-03.jpg\" /></p>\r\n\r\n<p style=\"text-align:center\"><img alt=\"Giày Nike Dualtone Racer SE đen\" src=\"http://myshoes.vn/image/data/product/nike/1.2018/giay-Nike-Dualtone-Racer-SE-den-nam-04.jpg\" /></p>\r\n\r\n<p style=\"text-align:center\"><img alt=\"Giày Nike Dualtone Racer SE đen\" src=\"http://myshoes.vn/image/data/product/nike/1.2018/giay-Nike-Dualtone-Racer-SE-den-nam-05.jpg\" /></p>\r\n\r\n<p style=\"text-align:center\"><img alt=\"Giày Nike Dualtone Racer SE đen\" src=\"http://myshoes.vn/image/data/product/nike/1.2018/giay-Nike-Dualtone-Racer-SE-den-nam-06.jpg\" /></p>\r\n\r\n<p style=\"margin-left:0px; margin-right:0px; text-align:justify\"><em><strong><span style=\"font-family:&quot;times new roman&quot;,times,serif\"><span style=\"font-size:16px\">* Myshoes.vn cam kết:</span></span></strong></em></p>\r\n\r\n<p style=\"margin-left:0px; margin-right:0px; text-align:justify\"><strong><span style=\"font-family:&quot;times new roman&quot;,times,serif\"><span style=\"font-size:16px\">- Gi&agrave;y Nike Dualtone Racer SE ch&iacute;nh h&atilde;ng 100%. Ph&aacute;t hiện h&agrave;ng Fake đền tiền gấp 2 lần gi&aacute; sản phẩm.</span></span></strong></p>\r\n\r\n<p style=\"margin-left:0px; margin-right:0px; text-align:justify\"><strong><span style=\"font-family:&quot;times new roman&quot;,times,serif\"><span style=\"font-size:16px\">- Myshoes.vn giao h&agrave;ng to&agrave;n quốc, miễn ph&iacute; vận chuyển tại H&agrave; Nội hoặc c&aacute;c tỉnh kh&aacute;c (với giao dịch chuyển khoản).</span></span></strong></p>\r\n\r\n<p style=\"margin-left:0px; margin-right:0px; text-align:justify\"><strong><span style=\"font-family:&quot;times new roman&quot;,times,serif\"><span style=\"font-size:16px\">- Đổi h&agrave;ng trong 15 ng&agrave;y.&nbsp;</span></span></strong><em><span style=\"font-family:&quot;times new roman&quot;,times,serif\"><span style=\"font-size:16px\">(&Aacute;p dụng với sản phẩm chưa sử dụng, nguy&ecirc;n vẹn như khi nhận h&agrave;ng)</span></span></em></p>\r\n\r\n<p style=\"margin-left:0px; margin-right:0px; text-align:justify\">&nbsp;</p>\r\n\r\n<p style=\"margin-left:0px; margin-right:0px; text-align:justify\"><strong><em>* C&aacute;ch thức mua h&agrave;ng:</em></strong></p>\r\n\r\n<ul style=\"margin-left:0px; margin-right:0px\">\r\n	<li style=\"text-align:justify\"><span style=\"font-family:&quot;times new roman&quot;,times,serif\"><span style=\"font-size:16px\">- Kh&aacute;ch h&agrave;ng tiến h&agrave;nh MUA H&Agrave;NG trực tiếp tr&ecirc;n website hoặc gọi điện tới Hotline:&nbsp;</span></span><span style=\"font-family:&quot;times new roman&quot;,times,serif; font-size:16px\"><a href=\"tel:0973 711 868\">0973 711 868</a></span><span style=\"font-family:&quot;times new roman&quot;,times,serif\"><span style=\"font-size:16px\">&nbsp;để được tư vấn.<br />\r\n	- Kh&aacute;ch h&agrave;ng sẽ nhận được sản phẩm sau 1 - 3 ng&agrave;y kể từ khi đặt h&agrave;ng.</span></span></li>\r\n</ul>\r\n\r\n<ul style=\"margin-left:0px; margin-right:0px\">\r\n	<li style=\"text-align:justify\">&nbsp;</li>\r\n</ul>\r\n\r\n<p style=\"margin-left:0px; margin-right:0px; text-align:justify\"><span style=\"color:#ff0000\"><em><strong><span style=\"font-family:&quot;times new roman&quot;,times,serif\"><span style=\"font-size:16px\">* Th&ocirc;ng tin li&ecirc;n hệ Myshoes.vn:</span></span></strong></em></span></p>\r\n\r\n<p><em><span style=\"font-family:&quot;times new roman&quot;,times,serif\"><span style=\"font-size:16px\">+&nbsp;</span></span></em><em><span style=\"font-family:&quot;times new roman&quot;,times,serif\"><span style=\"font-size:16px\">Showroom</span></span></em><em><span style=\"font-family:&quot;times new roman&quot;,times,serif\"><span style=\"font-size:16px\">: &nbsp;Tầng 2, 75 Ch&ugrave;a L&aacute;ng, H&agrave; Nội.&nbsp;</span></span></em></p>\r\n\r\n<p><em><span style=\"font-family:&quot;times new roman&quot;,times,serif\"><span style=\"font-size:16px\">+ Điện thoại:&nbsp;<a href=\"tel:0903 479 488\">(024)66 508 279</a>&nbsp;/ Hotline:&nbsp;<a href=\"tel:0973 711 868\">0973 711 868</a>&nbsp;(Zalo, Viber)</span></span></em></p>\r\n\r\n<p><em><span style=\"font-family:&quot;times new roman&quot;,times,serif\"><span style=\"font-size:16px\">+ Email: cskh@myshoes.vn</span></span></em></p>\r\n\r\n<p><em><span style=\"font-family:&quot;times new roman&quot;,times,serif\"><span style=\"font-size:16px\">+ Website:&nbsp;<a href=\"http://myshoes.vn\" target=\"_blank\">http://myshoes.vn</a></span></span></em></p>', 'giay-Nike-Dualtone-Racer-SE-den-nam-01-600x600_0.jpg', 1, 2, '2018-01-18 08:44:07', '2018-01-18 08:44:07'),
(2, 'Giày Nike Roshe Two Nam - Xanh Xám', 'giay-nike-roshe-two-nam-xanh-xam', 2550000, 2350000, '<p><span style=\"font-family:&quot;times new roman&quot;,times,serif\"><span style=\"font-size:16px\">Gi&agrave;y Nike Roshe Two l&agrave; mẫu gi&agrave;y mang thiết kế đơn giản, tuy nhi&ecirc;n lại cực k&igrave; phong c&aacute;ch v&agrave; bắt mắt, dễ d&agrave;ng kết hợp với c&aacute;c loại trang phục bạn y&ecirc;u th&iacute;ch. B&ecirc;n cạnh đ&oacute;, đ&ocirc;i gi&agrave;y Nike Roshe Two&nbsp;đem lại cảm gi&aacute;c thoải m&aacute;i v&agrave; &ecirc;m &aacute;i vượt trội với phần đệm Triple-layer, mật độ c&aacute;c hạt foam tăng gấp 3 lần, upper nhẹ, tho&aacute;ng kh&iacute; dễ chịu, c&oacute; khả năng co d&atilde;n vừa vặn với b&agrave;n ch&acirc;n. Chắc chắn đ&acirc;y ch&iacute;nh&nbsp;l&agrave; mẫu gi&agrave;y Nike thời trang m&agrave; bạn kh&ocirc;ng thể bỏ qua.</span></span></p>', '<div class=\"tab-content\" id=\"tab-description\" style=\"display:block\">\r\n<h2>Gi&agrave;y Nike Roshe Two Nam - Xanh X&aacute;m</h2>\r\n\r\n<p><span style=\"font-family:&quot;times new roman&quot;,times,serif\"><span style=\"font-size:16px\">Gi&agrave;y Nike Roshe Two l&agrave; mẫu gi&agrave;y mang thiết kế đơn giản, tuy nhi&ecirc;n lại cực k&igrave; phong c&aacute;ch v&agrave; bắt mắt, dễ d&agrave;ng kết hợp với c&aacute;c loại trang phục bạn y&ecirc;u th&iacute;ch. B&ecirc;n cạnh đ&oacute;, đ&ocirc;i gi&agrave;y Nike Roshe Two&nbsp;đem lại cảm gi&aacute;c thoải m&aacute;i v&agrave; &ecirc;m &aacute;i vượt trội với phần đệm Triple-layer, mật độ c&aacute;c hạt foam tăng gấp 3 lần, upper nhẹ, tho&aacute;ng kh&iacute; dễ chịu, c&oacute; khả năng co d&atilde;n vừa vặn với b&agrave;n ch&acirc;n. Chắc chắn đ&acirc;y ch&iacute;nh&nbsp;l&agrave; mẫu gi&agrave;y Nike thời trang m&agrave; bạn kh&ocirc;ng thể bỏ qua.</span></span></p>\r\n\r\n<p><strong><span style=\"font-family:&quot;times new roman&quot;,times,serif\"><span style=\"font-size:16px\">Gi&agrave;y Nike Roshe Two ch&iacute;nh h&atilde;ng tại&nbsp;<a href=\"http://myshoes.vn\" target=\"_blank\">Myshoes.vn</a>&nbsp;được nhập khẩu trực tiếp tại Mỹ qua đường h&agrave;ng kh&ocirc;ng. Full box, đầy đủ phụ kiện.</span></span></strong></p>\r\n\r\n<p style=\"text-align:center\"><img alt=\"giay-nike-roshe-two-nam-xanh-xam\" src=\"http://myshoes.vn/image/data/product11/31.12.17/giay-nike-roshe-two-nam-xanh-xam-06.jpg\" /></p>\r\n\r\n<p style=\"text-align:center\"><img alt=\"giay-nike-roshe-two-nam-xanh-xam\" src=\"http://myshoes.vn/image/data/product11/31.12.17/giay-nike-roshe-two-nam-xanh-xam-01.jpg\" /></p>\r\n\r\n<p style=\"text-align:center\"><img alt=\"giay-nike-roshe-two-nam-xanh-xam\" src=\"http://myshoes.vn/image/data/product11/31.12.17/giay-nike-roshe-two-nam-xanh-xam-02.jpg\" /></p>\r\n\r\n<p style=\"text-align:center\">&nbsp;</p>\r\n\r\n<p style=\"text-align:center\"><img alt=\"giay-nike-roshe-two-nam-xanh-xam\" src=\"http://myshoes.vn/image/data/product11/31.12.17/giay-nike-roshe-two-nam-xanh-xam-04.jpg\" /></p>\r\n\r\n<p style=\"text-align:center\"><img alt=\"giay-nike-roshe-two-nam-xanh-xam\" src=\"http://myshoes.vn/image/data/product11/31.12.17/giay-nike-roshe-two-nam-xanh-xam-05.jpg\" /></p>\r\n\r\n<p style=\"margin-left:0px; margin-right:0px\"><em><span style=\"color:#ff0000\"><strong><span style=\"font-family:&quot;times new roman&quot;,times,serif\"><span style=\"font-size:16px\">* Myshoes.vn cam kết:</span></span></strong></span></em></p>\r\n\r\n<p style=\"margin-left:0px; margin-right:0px; text-align:justify\"><strong><span style=\"font-family:&quot;times new roman&quot;,times,serif\"><span style=\"font-size:16px\">- Gi&agrave;y Nike Roshe Two ch&iacute;nh h&atilde;ng 100%. Ph&aacute;t hiện h&agrave;ng Fake đền tiền gấp 2 lần gi&aacute; sản phẩm.</span></span></strong></p>\r\n\r\n<p style=\"margin-left:0px; margin-right:0px; text-align:justify\"><strong><span style=\"font-family:&quot;times new roman&quot;,times,serif\"><span style=\"font-size:16px\">- Myshoes.vn giao h&agrave;ng to&agrave;n quốc, miễn ph&iacute; vận chuyển tại H&agrave; Nội hoặc c&aacute;c tỉnh kh&aacute;c (với c&aacute;c giao dịch chuyển khoản).</span></span></strong></p>\r\n\r\n<p style=\"margin-left:0px; margin-right:0px; text-align:justify\"><span style=\"color:#6e6e6e; font-family:Oxygen,sans-serif; font-size:14px\"><strong><span style=\"font-family:&quot;times new roman&quot;,times,serif\"><span style=\"font-size:16px\">- Đổi h&agrave;ng trong 15 ng&agrave;y.&nbsp;</span></span></strong></span><em><span style=\"font-family:&quot;times new roman&quot;,times,serif\"><span style=\"font-size:16px\">(&Aacute;p dụng với sản phẩm chưa sử dụng, nguy&ecirc;n vẹn như khi nhận h&agrave;ng)</span></span></em></p>\r\n\r\n<p style=\"margin-left:0px; margin-right:0px\"><em><strong><span style=\"font-family:&quot;times new roman&quot;,times,serif\"><span style=\"font-size:16px\">* C&aacute;ch thức mua h&agrave;ng:</span></span></strong></em></p>\r\n\r\n<ul style=\"margin-left:0px; margin-right:0px\">\r\n	<li style=\"text-align:justify\"><span style=\"font-family:&quot;times new roman&quot;,times,serif\"><span style=\"font-size:16px\">- Kh&aacute;ch h&agrave;ng tiến h&agrave;nh MUA H&Agrave;NG trực tiếp tr&ecirc;n website hoặc gọi điện tới Hotline:&nbsp;<a href=\"tel:0973 711 868\">0973 711 868</a>&nbsp;để được tư vấn.<br />\r\n	- Kh&aacute;ch h&agrave;ng sẽ nhận được sản phẩm sau 1 - 3 ng&agrave;y kể từ khi đặt h&agrave;ng.</span></span></li>\r\n	<li style=\"text-align:justify\">&nbsp;</li>\r\n</ul>\r\n\r\n<p style=\"margin-left:0px; margin-right:0px; text-align:justify\"><span style=\"color:#ff0000\"><em><strong><span style=\"font-family:&quot;times new roman&quot;,times,serif\"><span style=\"font-size:16px\">* Th&ocirc;ng tin li&ecirc;n hệ Myshoes.vn:</span></span></strong></em></span></p>\r\n\r\n<p><em><span style=\"font-family:&quot;times new roman&quot;,times,serif\"><span style=\"font-size:16px\">+ Showroom: &nbsp;Tầng 2, 75 Ch&ugrave;a L&aacute;ng, H&agrave; Nội.&nbsp;</span></span></em></p>\r\n\r\n<p><em><span style=\"font-family:&quot;times new roman&quot;,times,serif\"><span style=\"font-size:16px\">+ Điện thoại: 0903 479 488 /&nbsp;</span></span></em><em><span style=\"font-family:&quot;times new roman&quot;,times,serif\"><span style=\"font-size:16px\">Hotline: 0973 711 868 (Zalo, Viber)</span></span></em></p>\r\n\r\n<p><em><span style=\"font-family:&quot;times new roman&quot;,times,serif\"><span style=\"font-size:16px\">+ Email: cskh@myshoes.vn</span></span></em></p>\r\n\r\n<p><em><span style=\"font-family:&quot;times new roman&quot;,times,serif\"><span style=\"font-size:16px\">+ Website:&nbsp;<a href=\"http://myshoes.vn\" target=\"_blank\">http://myshoes.vn</a></span></span></em></p>\r\n</div>', 'giay-nike-roshe-two-nam-xanh-xam-02-600x600_0.jpg', 1, 2, '2018-01-18 08:58:39', '2018-01-18 08:58:39'),
(3, 'Giày Nike Air Zoom Pegasus 92 Nam - Đen Trắng', 'giay-nike-air-zoom-pegasus-92-nam-den-trang', 3510000, 2510000, '<p><strong><em><span style=\"font-family:&quot;times new roman&quot;,times,serif\"><span style=\"font-size:16px\">Gi&agrave;y Nike Air Zoom Pegasus 92 được nhắc đến như một huyền thoại của&nbsp;<a href=\"http://myshoes.vn/giay-nike\" target=\"_blank\">Nike</a>. Với bộ đệm ở phần Midsole gi&uacute;p cho người sử dụng lướt nhẹ như bay.&nbsp;</span></span></em></strong></p>', '<div class=\"tab-content\" id=\"tab-description\" style=\"display:block\">\r\n<h2>Gi&agrave;y Nike Air Zoom Pegasus 92 Nam - Đen Trắng</h2>\r\n\r\n<p style=\"text-align:justify\"><strong><em><span style=\"font-family:&quot;times new roman&quot;,times,serif\"><span style=\"font-size:16px\">Gi&agrave;y Nike Air Zoom Pegasus 92 được nhắc đến như một huyền thoại của&nbsp;<a href=\"http://myshoes.vn/giay-nike\" target=\"_blank\">Nike</a>. Với bộ đệm ở phần Midsole gi&uacute;p cho người sử dụng lướt nhẹ như bay.&nbsp;</span></span></em></strong></p>\r\n\r\n<p><span style=\"color:#6e6e6e; font-family:&quot;times new roman&quot;,times,serif; font-size:16px\">Đặc điểm nổi bật: Phần Upper sử dụng chất vải d&agrave;y dặn cho đ&ocirc;i ch&acirc;n lu&ocirc;n thoải m&aacute;i khi di chuyển, phần&nbsp;MIDSOLE với đệm Cushlon v&agrave; Nike Zoom units, phần&nbsp;OUTSOLE được thiết kế gồ l&ecirc;n tạo độ b&aacute;m đường cực tốt. Tất cả những c&ocirc;ng nghệ tr&ecirc;n gi&uacute;p&nbsp;Nike Air Zoom Pegasus 92 chinh phục mọi kh&aacute;ch h&agrave;ng tr&ecirc;n to&agrave;n thế giới.</span></p>\r\n\r\n<p><strong><span style=\"font-family:\'times new roman\',times,serif\"><span style=\"font-size:16px\">Gi&agrave;y Nike Air Zoom Pegasus 92 ch&iacute;nh h&atilde;ng tại&nbsp;<a href=\"http://myshoes.vn\" target=\"_blank\">Myshoes.vn</a>&nbsp;được nhập khẩu trực tiếp tại Mỹ qua đường h&agrave;ng kh&ocirc;ng. Full box, đầy đủ phụ kiện.</span></span></strong></p>\r\n\r\n<p style=\"text-align:center\"><img alt=\"giay-Nike-Air-Zoom-Pegasus-92-nam-den-trang\" src=\"http://myshoes.vn/image/data/product11/31.12.17/giay-Nike-Air-Zoom-Pegasus-92-nam-den-trang-01.jpg\" /></p>\r\n\r\n<p style=\"text-align:center\"><img alt=\"giay-Nike-Air-Zoom-Pegasus-92-nam-den-trang\" src=\"http://myshoes.vn/image/data/product11/31.12.17/giay-Nike-Air-Zoom-Pegasus-92-nam-den-trang-02.jpg\" /></p>\r\n\r\n<p style=\"text-align:center\"><img alt=\"giay-Nike-Air-Zoom-Pegasus-92-nam-den-trang\" src=\"http://myshoes.vn/image/data/product11/31.12.17/giay-Nike-Air-Zoom-Pegasus-92-nam-den-trang-03.jpg\" /></p>\r\n\r\n<p style=\"text-align:center\"><img alt=\"giay-Nike-Air-Zoom-Pegasus-92-nam-den-trang\" src=\"http://myshoes.vn/image/data/product11/31.12.17/giay-Nike-Air-Zoom-Pegasus-92-nam-den-trang-04.jpg\" /></p>\r\n\r\n<p style=\"text-align:center\"><img alt=\"giay-Nike-Air-Zoom-Pegasus-92-nam-den-trang\" src=\"http://myshoes.vn/image/data/product11/31.12.17/giay-Nike-Air-Zoom-Pegasus-92-nam-den-trang-05.jpg\" /></p>\r\n\r\n<p style=\"text-align:center\"><img alt=\"giay-Nike-Air-Zoom-Pegasus-92-nam-den-trang\" src=\"http://myshoes.vn/image/data/product11/31.12.17/giay-Nike-Air-Zoom-Pegasus-92-nam-den-trang-06.jpg\" /></p>\r\n\r\n<p style=\"margin-left:0px; margin-right:0px; text-align:justify\"><em><strong><span style=\"font-family:&quot;times new roman&quot;,times,serif\"><span style=\"font-size:16px\">* Myshoes.vn cam kết:</span></span></strong></em></p>\r\n\r\n<p style=\"margin-left:0px; margin-right:0px; text-align:justify\"><strong><span style=\"font-family:&quot;times new roman&quot;,times,serif\"><span style=\"font-size:16px\">- Gi&agrave;y Nike Air Zoom Pegasus 92 ch&iacute;nh h&atilde;ng 100%. Ph&aacute;t hiện h&agrave;ng Fake đền tiền gấp 2 lần gi&aacute; sản phẩm.</span></span></strong></p>\r\n\r\n<p style=\"margin-left:0px; margin-right:0px; text-align:justify\"><strong><span style=\"font-family:&quot;times new roman&quot;,times,serif\"><span style=\"font-size:16px\">- Myshoes.vn giao h&agrave;ng to&agrave;n quốc, miễn ph&iacute; vận chuyển tại H&agrave; Nội hoặc c&aacute;c tỉnh kh&aacute;c (với giao dịch chuyển khoản).</span></span></strong></p>\r\n\r\n<p style=\"margin-left:0px; margin-right:0px; text-align:justify\"><strong><span style=\"font-family:&quot;times new roman&quot;,times,serif\"><span style=\"font-size:16px\">- Đổi h&agrave;ng trong 15 ng&agrave;y.&nbsp;</span></span></strong><em><span style=\"font-family:&quot;times new roman&quot;,times,serif\"><span style=\"font-size:16px\">(&Aacute;p dụng với sản phẩm chưa sử dụng, nguy&ecirc;n vẹn như khi nhận h&agrave;ng)</span></span></em></p>\r\n\r\n<p style=\"margin-left:0px; margin-right:0px; text-align:justify\"><strong><em>* C&aacute;ch thức mua h&agrave;ng:</em></strong></p>\r\n\r\n<ul style=\"margin-left:0px; margin-right:0px\">\r\n	<li style=\"text-align:justify\"><span style=\"font-family:&quot;times new roman&quot;,times,serif\"><span style=\"font-size:16px\">- Kh&aacute;ch h&agrave;ng tiến h&agrave;nh MUA H&Agrave;NG trực tiếp tr&ecirc;n website hoặc gọi điện tới Hotline: 0973 711 868 để được tư vấn.<br />\r\n	- Kh&aacute;ch h&agrave;ng sẽ nhận được sản phẩm sau 1 - 3 ng&agrave;y kể từ khi đặt h&agrave;ng.</span></span></li>\r\n</ul>\r\n\r\n<p style=\"margin-left:0px; margin-right:0px; text-align:justify\">&nbsp;</p>\r\n\r\n<p style=\"margin-left:0px; margin-right:0px; text-align:justify\"><span style=\"color:#ff0000\"><em><strong><span style=\"font-family:&quot;times new roman&quot;,times,serif\"><span style=\"font-size:16px\">* Th&ocirc;ng tin li&ecirc;n hệ Myshoes.vn:</span></span></strong></em></span></p>\r\n\r\n<p><em><span style=\"font-family:&quot;times new roman&quot;,times,serif\"><span style=\"font-size:16px\">+ Điện thoại:</span></span></em><em><span style=\"font-family:&quot;times new roman&quot;,times,serif\"><span style=\"font-size:16px\">0973 711 868</span></span></em><em><span style=\"font-family:&quot;times new roman&quot;,times,serif\"><span style=\"font-size:16px\">&nbsp; / Hotline:&nbsp;</span></span></em><em><span style=\"font-family:&quot;times new roman&quot;,times,serif\"><span style=\"font-size:16px\">0903 479 488</span></span></em><em><span style=\"font-family:&quot;times new roman&quot;,times,serif\"><span style=\"font-size:16px\">&nbsp;(Zalo, Viber)</span></span></em></p>\r\n\r\n<p><em><span style=\"font-family:&quot;times new roman&quot;,times,serif\"><span style=\"font-size:16px\">+ Email: cskh@myshoes.vn</span></span></em></p>\r\n\r\n<p><em><span style=\"font-family:&quot;times new roman&quot;,times,serif\"><span style=\"font-size:16px\">+ Website:&nbsp;<a href=\"http://myshoes.vn\" target=\"_blank\">http://myshoes.vn</a></span></span></em></p>\r\n</div>', 'giay-Nike-Air-Zoom-Pegasus-92-nam-den-trang-01-600x600_0.jpg', 1, 2, '2018-01-18 09:02:35', '2018-01-18 09:02:35'),
(4, 'Giày adidas Stan Smith', 'giay-adidas-stan-smith', 2290000, 1290000, '<p><span style=\"font-family:times new roman,times,serif\"><span style=\"font-size:16px\"><strong><em>adidas Stan Smith l&agrave; mẫu gi&agrave;y huyền thoại nổi tiếng bậc nhất của adidas. Xuất hiện lần đầu ti&ecirc;n v&agrave;o năm 1973 trải qua hơn 40 năm lịch sử n&oacute; đ&atilde; ghi dấu ấn tới h&agrave;ng triệu người tr&ecirc;n thế giới.&nbsp;adidas Stan Smith được đ&aacute;nh gi&aacute; một trong những mẫu gi&agrave;y biểu tượng kh&ocirc;ng bao giờ lỗi mốt.</em></strong></span></span></p>', '<div class=\"tab-content\" id=\"tab-description\" style=\"display:block\">\r\n<h2>Gi&agrave;y adidas Stan Smith</h2>\r\n\r\n<p style=\"text-align:justify\"><span style=\"font-family:times new roman,times,serif\"><span style=\"font-size:16px\"><strong><em>adidas Stan Smith l&agrave; mẫu gi&agrave;y huyền thoại nổi tiếng bậc nhất của adidas. Xuất hiện lần đầu ti&ecirc;n v&agrave;o năm 1973 trải qua hơn 40 năm lịch sử n&oacute; đ&atilde; ghi dấu ấn tới h&agrave;ng triệu người tr&ecirc;n thế giới.&nbsp;adidas Stan Smith được đ&aacute;nh gi&aacute; một trong những mẫu gi&agrave;y biểu tượng kh&ocirc;ng bao giờ lỗi mốt.</em></strong></span></span></p>\r\n\r\n<p style=\"text-align:justify\"><span style=\"font-family:times new roman,times,serif\"><span style=\"font-size:16px\"><a href=\"http://myshoes.vn/giay-adidas\" target=\"_blank\">Gi&agrave;y adidas</a> Stan Smith logo xanh l&aacute; l&agrave; phi&ecirc;n bản nguy&ecirc;n gốc v&agrave; nổi tiếng nhất của adidas.</span></span></p>\r\n\r\n<p style=\"margin-left:0px; margin-right:0px; text-align:justify\"><strong><span style=\"font-family:\'times new roman\',times,serif\"><span style=\"font-size:16px\">Gi&agrave;y adidas Stan Smith ch&iacute;nh h&atilde;ng tại&nbsp;<a href=\"http://myshoes.vn\" target=\"_blank\">Myshoes.vn</a>&nbsp;được nhập khẩu trực tiếp tại Mỹ qua đường h&agrave;ng kh&ocirc;ng. Full box, đầy đủ phụ kiện.</span></span></strong></p>\r\n\r\n<p style=\"text-align:center\"><img alt=\"Giày adidas Stan Smith Chính Hãng\" src=\"http://myshoes.vn/image/data/product/6.3.16/giay-adidas-Stan-Smith-01.jpg\" /></p>\r\n\r\n<p style=\"text-align:center\"><img alt=\"Giày adidas Stan Smith Chính Hãng\" src=\"http://myshoes.vn/image/data/product/6.3.16/giay-adidas-Stan-Smith-02.jpg\" /></p>\r\n\r\n<p style=\"text-align:center\"><img alt=\"Giày adidas Stan Smith Chính Hãng\" src=\"http://myshoes.vn/image/data/product/6.3.16/giay-adidas-Stan-Smith-03.jpg\" /></p>\r\n\r\n<p style=\"text-align:center\"><img alt=\"Giày adidas Stan Smith Chính Hãng\" src=\"http://myshoes.vn/image/data/product/6.3.16/giay-adidas-Stan-Smith-04.jpg\" /></p>\r\n\r\n<p style=\"text-align:center\"><img alt=\"Giày adidas Stan Smith Chính Hãng\" src=\"http://myshoes.vn/image/data/product/6.3.16/giay-adidas-Stan-Smith-05.jpg\" /></p>\r\n\r\n<p style=\"text-align:center\"><img alt=\"Giày adidas Stan Smith Chính Hãng\" src=\"http://myshoes.vn/image/data/product/6.3.16/giay-adidas-Stan-Smith-06.jpg\" /></p>\r\n\r\n<p style=\"text-align:center\"><img alt=\"Giày adidas Stan Smith Chính Hãng\" src=\"http://myshoes.vn/image/data/product/6.3.16/giay-adidas-Stan-Smith-07.jpg\" /></p>\r\n\r\n<p style=\"margin-left:0px; margin-right:0px; text-align:justify\"><em><strong><span style=\"font-family:&quot;times new roman&quot;,times,serif\"><span style=\"font-size:16px\">* Myshoes.vn cam kết:</span></span></strong></em></p>\r\n\r\n<p style=\"margin-left:0px; margin-right:0px; text-align:justify\"><strong><span style=\"font-family:&quot;times new roman&quot;,times,serif\"><span style=\"font-size:16px\">-&nbsp;</span></span></strong><strong><span style=\"font-family:&quot;times new roman&quot;,times,serif\"><span style=\"font-size:16px\">Gi&agrave;y adidas Stan Smith&nbsp;</span></span></strong><strong><span style=\"font-family:&quot;times new roman&quot;,times,serif\"><span style=\"font-size:16px\"> ch&iacute;nh h&atilde;ng 100%. Ph&aacute;t hiện h&agrave;ng Fake đền tiền gấp 2 lần gi&aacute; sản phẩm.</span></span></strong></p>\r\n\r\n<p style=\"margin-left:0px; margin-right:0px; text-align:justify\"><strong><span style=\"font-family:&quot;times new roman&quot;,times,serif\"><span style=\"font-size:16px\">- Myshoes.vn giao h&agrave;ng to&agrave;n quốc, miễn ph&iacute; vận chuyển tại H&agrave; Nội hoặc c&aacute;c tỉnh kh&aacute;c (với giao dịch chuyển khoản).</span></span></strong></p>\r\n\r\n<p style=\"margin-left:0px; margin-right:0px; text-align:justify\"><strong><span style=\"font-family:&quot;times new roman&quot;,times,serif\"><span style=\"font-size:16px\">- Đổi h&agrave;ng trong 7 ng&agrave;y.&nbsp;</span></span></strong><em><span style=\"font-family:&quot;times new roman&quot;,times,serif\"><span style=\"font-size:16px\">(&Aacute;p dụng với sản phẩm chưa sử dụng, nguy&ecirc;n vẹn như khi nhận h&agrave;ng)</span></span></em></p>\r\n\r\n<p style=\"margin-left:0px; margin-right:0px; text-align:justify\">&nbsp;</p>\r\n\r\n<p style=\"margin-left:0px; margin-right:0px; text-align:justify\"><strong><em>* C&aacute;ch thức mua h&agrave;ng:</em></strong></p>\r\n\r\n<ul style=\"margin-left:0px; margin-right:0px\">\r\n	<li style=\"text-align:justify\"><span style=\"font-family:&quot;times new roman&quot;,times,serif\"><span style=\"font-size:16px\">- Kh&aacute;ch h&agrave;ng tiến h&agrave;nh MUA H&Agrave;NG trực tiếp tr&ecirc;n website hoặc gọi điện tới Hotline: <a href=\"tel:0973 711 868\">0973 711 868</a> để được tư vấn.<br />\r\n	- Kh&aacute;ch h&agrave;ng sẽ nhận được sản phẩm sau 1 - 3 ng&agrave;y kể từ khi đặt h&agrave;ng.</span></span></li>\r\n</ul>\r\n\r\n<p style=\"margin-left:0px; margin-right:0px; text-align:justify\">&nbsp;</p>\r\n\r\n<p style=\"margin-left:0px; margin-right:0px; text-align:justify\"><span style=\"color:#ff0000\"><em><strong><span style=\"font-family:&quot;times new roman&quot;,times,serif\"><span style=\"font-size:16px\">* Th&ocirc;ng tin li&ecirc;n hệ Myshoes.vn:</span></span></strong></em></span></p>\r\n\r\n<p><em><span style=\"font-family:&quot;times new roman&quot;,times,serif\"><span style=\"font-size:16px\">+ </span></span></em><em><span style=\"font-family:&quot;times new roman&quot;,times,serif\"><span style=\"font-size:16px\">Showroom</span></span></em><em><span style=\"font-family:&quot;times new roman&quot;,times,serif\"><span style=\"font-size:16px\">: &nbsp;Tầng 2, 75 Ch&ugrave;a L&aacute;ng, H&agrave; Nội.&nbsp;</span></span></em></p>\r\n\r\n<p><em><span style=\"font-family:&quot;times new roman&quot;,times,serif\"><span style=\"font-size:16px\">+ Điện thoại: <a href=\"tel:0903 479 488\">0903 479 488</a> / Hotline: <a href=\"tel:0973 711 868\">0973 711 868</a> (Zalo, Viber)</span></span></em></p>\r\n\r\n<p><em><span style=\"font-family:&quot;times new roman&quot;,times,serif\"><span style=\"font-size:16px\">+ Email: cskh@myshoes.vn</span></span></em></p>\r\n\r\n<p><em><span style=\"font-family:&quot;times new roman&quot;,times,serif\"><span style=\"font-size:16px\">+ Website:&nbsp;<a href=\"http://myshoes.vn\" target=\"_blank\">http://myshoes.vn</a></span></span></em></p>\r\n</div>', 'giay-adidas-Stan-Smith-01-600x600_0.jpg', 1, 1, '2018-01-18 09:04:46', '2018-01-18 09:04:46'),
(6, 'Giày adidas Busenitz Pro Nam - Đen Nâu', 'giay-adidas-busenitz-pro-nam-den-nau', 2550000, 1550000, '<p><span style=\"font-family:&quot;times new roman&quot;,times,serif\"><span style=\"font-size:16px\">Với chất liệu da lộn v&agrave; đế cao su tự nhi&ecirc;n&nbsp;Busenitz Pro cho độ bền cao. Từng đường kim mũi chỉ đều rất tỉ mỉ, sắc n&eacute;t đến từng chi tiết, sự ổn định ch&iacute;nh l&agrave; ti&ecirc;u ch&iacute; h&agrave;ng đầu của đ&ocirc;i gi&agrave;y. Đ&acirc;y l&agrave; mẫu gi&agrave;y c&oacute; thiết kế đơn giản v&agrave; c&oacute; thể sử dụng trong rất nhiều hoạt động h&agrave;ng ng&agrave;y.&nbsp;</span></span></p>', '<div class=\"tab-content\" id=\"tab-description\" style=\"display:block\">\r\n<h2>Gi&agrave;y adidas Busenitz Pro Nam - Đen N&acirc;u</h2>\r\n\r\n<p style=\"text-align:justify\"><em><span style=\"font-family:&quot;times new roman&quot;,times,serif\"><span style=\"font-size:16px\">Gi&agrave;y adidas Busenitz Pro được thiết kế bởi huyền thoại&nbsp;Dennis Busenitz. </span></span></em></p>\r\n\r\n<p style=\"text-align:justify\"><span style=\"font-family:&quot;times new roman&quot;,times,serif\"><span style=\"font-size:16px\">Với chất liệu da lộn v&agrave; đế cao su tự nhi&ecirc;n&nbsp;Busenitz Pro cho độ bền cao. Từng đường kim mũi chỉ đều rất tỉ mỉ, sắc n&eacute;t đến từng chi tiết, sự ổn định ch&iacute;nh l&agrave; ti&ecirc;u ch&iacute; h&agrave;ng đầu của đ&ocirc;i gi&agrave;y. Đ&acirc;y l&agrave; mẫu gi&agrave;y c&oacute; thiết kế đơn giản v&agrave; c&oacute; thể sử dụng trong rất nhiều hoạt động h&agrave;ng ng&agrave;y.&nbsp;</span></span></p>\r\n\r\n<p style=\"margin-left:0px; margin-right:0px; text-align:justify\"><strong><span style=\"font-family:&quot;times new roman&quot;,times,serif\"><span style=\"font-size:16px\">Gi&agrave;y adidas Busenitz&nbsp;Pro ch&iacute;nh h&atilde;ng tại&nbsp;<a href=\"http://myshoes.vn\" target=\"_blank\">Myshoes.vn</a>&nbsp;được nhập khẩu trực tiếp tại Mỹ qua đường h&agrave;ng kh&ocirc;ng. Full box, đầy đủ phụ kiện.</span></span></strong></p>\r\n\r\n<p style=\"text-align:center\"><img alt=\"giay-adidas-Busenitz-Pro-nam-den-nau\" src=\"http://myshoes.vn/image/data/product11/2.12.17/giay-adidas-Busenitz-Pro-nam-den-nau-01.jpg\" /></p>\r\n\r\n<p style=\"text-align:center\"><img alt=\"giay-adidas-Busenitz-Pro-nam-den-nau\" src=\"http://myshoes.vn/image/data/product11/2.12.17/giay-adidas-Busenitz-Pro-nam-den-nau-02.jpg\" /></p>\r\n\r\n<p style=\"text-align:center\"><img alt=\"giay-adidas-Busenitz-Pro-nam-den-nau\" src=\"http://myshoes.vn/image/data/product11/2.12.17/giay-adidas-Busenitz-Pro-nam-den-nau-03.jpg\" /></p>\r\n\r\n<p style=\"text-align:center\"><img alt=\"giay-adidas-Busenitz-Pro-nam-den-nau\" src=\"http://myshoes.vn/image/data/product11/2.12.17/giay-adidas-Busenitz-Pro-nam-den-nau-04.jpg\" /></p>\r\n\r\n<p style=\"text-align:center\"><img alt=\"giay-adidas-Busenitz-Pro-nam-den-nau\" src=\"http://myshoes.vn/image/data/product11/2.12.17/giay-adidas-Busenitz-Pro-nam-den-nau-05.jpg\" /></p>\r\n\r\n<p style=\"margin-left:0px; margin-right:0px; text-align:justify\"><em><strong><span style=\"font-family:&quot;times new roman&quot;,times,serif\"><span style=\"font-size:16px\">* Myshoes.vn cam kết:</span></span></strong></em></p>\r\n\r\n<p style=\"margin-left:0px; margin-right:0px; text-align:justify\"><strong><span style=\"font-family:&quot;times new roman&quot;,times,serif\"><span style=\"font-size:16px\">- Gi&agrave;y adidas Busenitz Pro ch&iacute;nh h&atilde;ng 100%. Ph&aacute;t hiện h&agrave;ng Fake đền tiền gấp 2 lần gi&aacute; sản phẩm.</span></span></strong></p>\r\n\r\n<p style=\"margin-left:0px; margin-right:0px; text-align:justify\"><strong><span style=\"font-family:&quot;times new roman&quot;,times,serif\"><span style=\"font-size:16px\">- Myshoes.vn giao h&agrave;ng to&agrave;n quốc, miễn ph&iacute; vận chuyển tại H&agrave; Nội hoặc c&aacute;c tỉnh kh&aacute;c (với giao dịch chuyển khoản).</span></span></strong></p>\r\n\r\n<p style=\"margin-left:0px; margin-right:0px; text-align:justify\"><strong><span style=\"font-family:&quot;times new roman&quot;,times,serif\"><span style=\"font-size:16px\">- Đổi h&agrave;ng trong 15 ng&agrave;y.&nbsp;</span></span></strong><em><span style=\"font-family:&quot;times new roman&quot;,times,serif\"><span style=\"font-size:16px\">(&Aacute;p dụng với sản phẩm chưa sử dụng, nguy&ecirc;n vẹn như khi nhận h&agrave;ng)</span></span></em></p>\r\n\r\n<p style=\"margin-left:0px; margin-right:0px; text-align:justify\"><strong><em>* C&aacute;ch thức mua h&agrave;ng:</em></strong></p>\r\n\r\n<ul style=\"margin-left:0px; margin-right:0px\">\r\n	<li style=\"text-align:justify\"><span style=\"font-family:&quot;times new roman&quot;,times,serif\"><span style=\"font-size:16px\">- Kh&aacute;ch h&agrave;ng tiến h&agrave;nh MUA H&Agrave;NG trực tiếp tr&ecirc;n website hoặc gọi điện tới Hotline:&nbsp;0973 711 868&nbsp;để được tư vấn.<br />\r\n	- Kh&aacute;ch h&agrave;ng sẽ nhận được sản phẩm sau 1 - 3 ng&agrave;y kể từ khi đặt h&agrave;ng.</span></span></li>\r\n</ul>\r\n\r\n<p style=\"margin-left:0px; margin-right:0px; text-align:justify\">&nbsp;</p>\r\n\r\n<p style=\"margin-left:0px; margin-right:0px; text-align:justify\"><span style=\"color:#ff0000\"><em><strong><span style=\"font-family:&quot;times new roman&quot;,times,serif\"><span style=\"font-size:16px\">* Th&ocirc;ng tin li&ecirc;n hệ Myshoes.vn:</span></span></strong></em></span></p>\r\n\r\n<p><em><span style=\"font-family:&quot;times new roman&quot;,times,serif\"><span style=\"font-size:16px\">+&nbsp;</span></span></em><em><span style=\"font-family:&quot;times new roman&quot;,times,serif\"><span style=\"font-size:16px\">Showroom</span></span></em><em><span style=\"font-family:&quot;times new roman&quot;,times,serif\"><span style=\"font-size:16px\">: &nbsp;Tầng 2, 75 Ch&ugrave;a L&aacute;ng, H&agrave; Nội.&nbsp;</span></span></em></p>\r\n\r\n<p><em><span style=\"font-family:&quot;times new roman&quot;,times,serif\"><span style=\"font-size:16px\">+ Điện thoại: 0903 479 488 / Hotline:&nbsp;0973 711 868&nbsp;(Zalo, Viber)</span></span></em></p>\r\n\r\n<p><em><span style=\"font-family:&quot;times new roman&quot;,times,serif\"><span style=\"font-size:16px\">+ Email: cskh@myshoes.vn</span></span></em></p>\r\n\r\n<p><em><span style=\"font-family:&quot;times new roman&quot;,times,serif\"><span style=\"font-size:16px\">+ Website:&nbsp;<a href=\"http://myshoes.vn\" target=\"_blank\">http://myshoes.vn</a></span></span></em></p>\r\n</div>', 'giay-adidas-Busenitz-Pro-nam-den-nau-01-600x600_0.jpg', 1, 1, '2018-01-23 03:56:56', '2018-01-23 03:56:56'),
(7, 'Giày adidas Busenitz Pro Nam - Xanh Navy', 'giay-adidas-busenitz-pro-nam-xanh-navy', 2550000, 1550000, '<p><span style=\"font-family:&quot;times new roman&quot;,times,serif\"><span style=\"font-size:16px\">Kh&aacute;c với c&aacute;c phi&ecirc;n bản m&agrave;u x&aacute;m, gi&agrave;y&nbsp;Busenitz Pro m&agrave;u xanh đen kh&ocirc;ng sử dụng chất liệu da lộn m&agrave; l&agrave; da tổng hợp cao cấp kh&ocirc;ng thấm nước. Thiết kế đẹp mắt, xanh navy trung t&iacute;nh dễ d&agrave;ng kết hợp với nhiều phong c&aacute;ch kh&aacute;c nhau. Từng đường kim mũi chỉ của gi&agrave;y&nbsp;Busenitz Pro đều cực k&igrave; chắc chắn, sắc n&eacute;t đến từng chi tiết, sự ổn định l&agrave; ti&ecirc;u ch&iacute; h&agrave;ng đầu của đ&ocirc;i gi&agrave;y.</span></span></p>', '<div class=\"tab-content\" id=\"tab-description\" style=\"display:block\">\r\n<h2>Gi&agrave;y adidas Busenitz Pro Nam - Xanh Navy</h2>\r\n\r\n<p><em><span style=\"font-family:&quot;times new roman&quot;,times,serif\"><span style=\"font-size:16px\">Gi&agrave;y adidas Busenitz Pro được thiết kế bởi huyền thoại&nbsp;Dennis Busenitz.</span></span></em></p>\r\n\r\n<p><span style=\"font-family:&quot;times new roman&quot;,times,serif\"><span style=\"font-size:16px\">Kh&aacute;c với c&aacute;c phi&ecirc;n bản m&agrave;u x&aacute;m, gi&agrave;y&nbsp;Busenitz Pro m&agrave;u xanh đen kh&ocirc;ng sử dụng chất liệu da lộn m&agrave; l&agrave; da tổng hợp cao cấp kh&ocirc;ng thấm nước. Thiết kế đẹp mắt, xanh navy trung t&iacute;nh dễ d&agrave;ng kết hợp với nhiều phong c&aacute;ch kh&aacute;c nhau. Từng đường kim mũi chỉ của gi&agrave;y&nbsp;Busenitz Pro đều cực k&igrave; chắc chắn, sắc n&eacute;t đến từng chi tiết, sự ổn định l&agrave; ti&ecirc;u ch&iacute; h&agrave;ng đầu của đ&ocirc;i gi&agrave;y.</span></span></p>\r\n\r\n<p style=\"margin-left:0px; margin-right:0px; text-align:justify\"><strong><span style=\"font-family:&quot;times new roman&quot;,times,serif\"><span style=\"font-size:16px\">Gi&agrave;y adidas Busenitz&nbsp;Pro ch&iacute;nh h&atilde;ng tại&nbsp;<a href=\"http://myshoes.vn\" target=\"_blank\">Myshoes.vn</a>&nbsp;được nhập khẩu trực tiếp tại Mỹ qua đường h&agrave;ng kh&ocirc;ng. Full box, đầy đủ phụ kiện.</span></span></strong></p>\r\n\r\n<p style=\"text-align:center\"><img alt=\"giay-adidas-Busenitz-Pro-nam-xanh-navy\" src=\"http://myshoes.vn/image/data/product10/24.11.17/giay-adidas-Busenitz-Pro-nam-xanh-navy-0 1.jpg\" /></p>\r\n\r\n<p style=\"text-align:center\"><img alt=\"giay-adidas-Busenitz-Pro-nam-xanh-navy\" src=\"http://myshoes.vn/image/data/product10/24.11.17/giay-adidas-Busenitz-Pro-nam-xanh-navy-0 2.jpg\" /></p>\r\n\r\n<p style=\"text-align:center\"><img alt=\"giay-adidas-Busenitz-Pro-nam-xanh-navy\" src=\"http://myshoes.vn/image/data/product10/24.11.17/giay-adidas-Busenitz-Pro-nam-xanh-navy-0 3.jpg\" /></p>\r\n\r\n<p style=\"text-align:center\"><img alt=\"giay-adidas-Busenitz-Pro-nam-xanh-navy\" src=\"http://myshoes.vn/image/data/product10/24.11.17/giay-adidas-Busenitz-Pro-nam-xanh-navy-0 4.jpg\" /></p>\r\n\r\n<p style=\"text-align:center\"><img alt=\"giay-adidas-Busenitz-Pro-nam-xanh-navy\" src=\"http://myshoes.vn/image/data/product10/24.11.17/giay-adidas-Busenitz-Pro-nam-xanh-navy-0 5.jpg\" /></p>\r\n\r\n<p style=\"text-align:center\"><img alt=\"giay-adidas-Busenitz-Pro-nam-xanh-navy\" src=\"http://myshoes.vn/image/data/product10/24.11.17/giay-adidas-Busenitz-Pro-nam-xanh-navy-0 6.jpg\" /></p>\r\n\r\n<p style=\"text-align:center\"><img alt=\"giay-adidas-Busenitz-Pro-nam-xanh-navy\" src=\"http://myshoes.vn/image/data/product10/24.11.17/giay-adidas-Busenitz-Pro-nam-xanh-navy-0 7.jpg\" /></p>\r\n\r\n<p style=\"margin-left:0px; margin-right:0px; text-align:justify\"><em><strong><span style=\"font-family:&quot;times new roman&quot;,times,serif\"><span style=\"font-size:16px\">* Myshoes.vn cam kết:</span></span></strong></em></p>\r\n\r\n<p style=\"margin-left:0px; margin-right:0px; text-align:justify\"><strong><span style=\"font-family:&quot;times new roman&quot;,times,serif\"><span style=\"font-size:16px\">- Gi&agrave;y adidas Busenitz Pro ch&iacute;nh h&atilde;ng 100%. Ph&aacute;t hiện h&agrave;ng Fake đền tiền gấp 2 lần gi&aacute; sản phẩm.</span></span></strong></p>\r\n\r\n<p style=\"margin-left:0px; margin-right:0px; text-align:justify\"><strong><span style=\"font-family:&quot;times new roman&quot;,times,serif\"><span style=\"font-size:16px\">- Myshoes.vn giao h&agrave;ng to&agrave;n quốc, miễn ph&iacute; vận chuyển tại H&agrave; Nội hoặc c&aacute;c tỉnh kh&aacute;c (với giao dịch chuyển khoản).</span></span></strong></p>\r\n\r\n<p style=\"margin-left:0px; margin-right:0px; text-align:justify\"><strong><span style=\"font-family:&quot;times new roman&quot;,times,serif\"><span style=\"font-size:16px\">- Đổi h&agrave;ng trong 15 ng&agrave;y.&nbsp;</span></span></strong><em><span style=\"font-family:&quot;times new roman&quot;,times,serif\"><span style=\"font-size:16px\">(&Aacute;p dụng với sản phẩm chưa sử dụng, nguy&ecirc;n vẹn như khi nhận h&agrave;ng)</span></span></em></p>\r\n\r\n<p style=\"margin-left:0px; margin-right:0px; text-align:justify\"><strong><em>* C&aacute;ch thức mua h&agrave;ng:</em></strong></p>\r\n\r\n<ul style=\"margin-left:0px; margin-right:0px\">\r\n	<li style=\"text-align:justify\"><span style=\"font-family:&quot;times new roman&quot;,times,serif\"><span style=\"font-size:16px\">- Kh&aacute;ch h&agrave;ng tiến h&agrave;nh MUA H&Agrave;NG trực tiếp tr&ecirc;n website hoặc gọi điện tới Hotline:&nbsp;0973 711 868&nbsp;để được tư vấn.<br />\r\n	- Kh&aacute;ch h&agrave;ng sẽ nhận được sản phẩm sau 1 - 3 ng&agrave;y kể từ khi đặt h&agrave;ng.</span></span></li>\r\n</ul>\r\n\r\n<p style=\"margin-left:0px; margin-right:0px; text-align:justify\">&nbsp;</p>\r\n\r\n<p style=\"margin-left:0px; margin-right:0px; text-align:justify\"><span style=\"color:#ff0000\"><em><strong><span style=\"font-family:&quot;times new roman&quot;,times,serif\"><span style=\"font-size:16px\">* Th&ocirc;ng tin li&ecirc;n hệ Myshoes.vn:</span></span></strong></em></span></p>\r\n\r\n<p><em><span style=\"font-family:&quot;times new roman&quot;,times,serif\"><span style=\"font-size:16px\">+&nbsp;</span></span></em><em><span style=\"font-family:&quot;times new roman&quot;,times,serif\"><span style=\"font-size:16px\">Showroom</span></span></em><em><span style=\"font-family:&quot;times new roman&quot;,times,serif\"><span style=\"font-size:16px\">: &nbsp;Tầng 2, 75 Ch&ugrave;a L&aacute;ng, H&agrave; Nội.&nbsp;</span></span></em></p>\r\n\r\n<p><em><span style=\"font-family:&quot;times new roman&quot;,times,serif\"><span style=\"font-size:16px\">+ Điện thoại: 0903 479 488 / Hotline:&nbsp;0973 711 868&nbsp;(Zalo, Viber)</span></span></em></p>\r\n\r\n<p><em><span style=\"font-family:&quot;times new roman&quot;,times,serif\"><span style=\"font-size:16px\">+ Email: cskh@myshoes.vn</span></span></em></p>\r\n\r\n<p><em><span style=\"font-family:&quot;times new roman&quot;,times,serif\"><span style=\"font-size:16px\">+ Website:&nbsp;<a href=\"http://myshoes.vn\" target=\"_blank\">http://myshoes.vn</a></span></span></em></p>\r\n</div>', 'giay-adidas-Busenitz-Pro-nam-xanh-navy-0 1-600x600_0.jpg', 1, 1, '2018-01-25 06:23:25', '2018-01-25 06:23:25'),
(8, 'Giày adidas Campus Nam - Xám', 'giay-adidas-campus-nam-xam', 2290000, 2290000, '<p><span style=\"font-family:times new roman,times,serif\"><span style=\"font-size:16px\">Chất liệu da lộn sử dụng linh hoạt mang lại cảm gi&aacute;c đường phố bụi bặm thập ni&ecirc;n 80, kết hợp đ&oacute; l&agrave; bộ 3 kẻ sọc l&agrave;m n&ecirc;n thương hiệu adidas cực chất. Đế cao su mềm mịn, tạo độ em tho&aacute;ng cho b&agrave;n ch&acirc;n. Gi&agrave;y adidas Campus thật sự đ&atilde; kh&ocirc;ng l&agrave;m c&aacute;c t&iacute;n đồ adidas thất vọng với kiểu d&aacute;ng thon gọn, m&agrave;u sắc nh&atilde; nhặn dễ phối đồ c&ugrave;ng sự tỉ mỉ trong từng đường may. Đ&acirc;y xứng đ&aacute;ng l&agrave; một item n&ecirc;n c&oacute; trong tủ gi&agrave;y của bạn.</span></span></p>', '<h2>Gi&agrave;y adidas Campus Nam - X&aacute;m</h2>\r\n\r\n<p><span style=\"font-family:times new roman,times,serif\"><span style=\"font-size:16px\"><em>Gi&agrave;y adidas Campus - phong c&aacute;ch b&oacute;ng rổ mới mẻ được thổi hồn v&agrave;o những đ&ocirc;i gi&agrave;y.</em><br />\r\nChất liệu da lộn sử dụng linh hoạt mang lại cảm gi&aacute;c đường phố bụi bặm thập ni&ecirc;n 80, kết hợp đ&oacute; l&agrave; bộ 3 kẻ sọc l&agrave;m n&ecirc;n thương hiệu adidas cực chất. Đế cao su mềm mịn, tạo độ em tho&aacute;ng cho b&agrave;n ch&acirc;n. Gi&agrave;y adidas Campus thật sự đ&atilde; kh&ocirc;ng l&agrave;m c&aacute;c t&iacute;n đồ adidas thất vọng với kiểu d&aacute;ng thon gọn, m&agrave;u sắc nh&atilde; nhặn dễ phối đồ c&ugrave;ng sự tỉ mỉ trong từng đường may. Đ&acirc;y xứng đ&aacute;ng l&agrave; một item n&ecirc;n c&oacute; trong tủ gi&agrave;y của bạn.</span></span></p>\r\n\r\n<p><em><strong><span style=\"font-family:&quot;times new roman&quot;,times,serif\"><span style=\"font-size:16px\">Gi&agrave;y adidas Campus ch&iacute;nh h&atilde;ng tại&nbsp;<a href=\"http://myshoes.vn\" target=\"_blank\">Myshoes.vn</a>&nbsp;được nhập khẩu trực tiếp tại Mỹ qua đường h&agrave;ng kh&ocirc;ng. Full box, đầy đủ phụ kiện.</span></span></strong></em></p>\r\n\r\n<p style=\"text-align:center\"><img alt=\"giay-adidas-campus-nam-xam\" src=\"http://myshoes.vn/image/data/product11/13.12.17/giay-adidas-campus-nam-xam-01.jpg\" /></p>\r\n\r\n<p style=\"text-align:center\"><img alt=\"giay-adidas-campus-nam-xam\" src=\"http://myshoes.vn/image/data/product11/13.12.17/giay-adidas-campus-nam-xam-02.jpg\" /></p>\r\n\r\n<p style=\"text-align:center\"><img alt=\"giay-adidas-campus-nam-xam\" src=\"http://myshoes.vn/image/data/product11/13.12.17/giay-adidas-campus-nam-xam-03.jpg\" /></p>\r\n\r\n<p style=\"text-align:center\"><img alt=\"giay-adidas-campus-nam-xam\" src=\"http://myshoes.vn/image/data/product11/13.12.17/giay-adidas-campus-nam-xam-04.jpg\" /></p>\r\n\r\n<p style=\"text-align:center\"><img alt=\"giay-adidas-campus-nam-xam\" src=\"http://myshoes.vn/image/data/product11/13.12.17/giay-adidas-campus-nam-xam-05.jpg\" /></p>\r\n\r\n<p style=\"text-align:center\"><img alt=\"giay-adidas-campus-nam-xam\" src=\"http://myshoes.vn/image/data/product11/13.12.17/giay-adidas-campus-nam-xam-06.jpg\" /></p>\r\n\r\n<p style=\"margin-left:0px; margin-right:0px; text-align:justify\">&nbsp;</p>\r\n\r\n<p style=\"margin-left:0px; margin-right:0px; text-align:justify\"><em><strong><span style=\"font-family:&quot;times new roman&quot;,times,serif\"><span style=\"font-size:16px\">* Myshoes.vn cam kết:</span></span></strong></em></p>\r\n\r\n<p style=\"margin-left:0px; margin-right:0px; text-align:justify\"><strong><span style=\"font-family:&quot;times new roman&quot;,times,serif\"><span style=\"font-size:16px\">- Gi&agrave;y adidas Campus ch&iacute;nh h&atilde;ng 100%. Ph&aacute;t hiện h&agrave;ng Fake đền tiền gấp 2 lần gi&aacute; sản phẩm.</span></span></strong></p>\r\n\r\n<p style=\"margin-left:0px; margin-right:0px; text-align:justify\"><strong><span style=\"font-family:&quot;times new roman&quot;,times,serif\"><span style=\"font-size:16px\">- Myshoes.vn giao h&agrave;ng to&agrave;n quốc, miễn ph&iacute; vận chuyển tại H&agrave; Nội hoặc c&aacute;c tỉnh kh&aacute;c (với giao dịch chuyển khoản).</span></span></strong></p>\r\n\r\n<p style=\"margin-left:0px; margin-right:0px; text-align:justify\"><strong><span style=\"font-family:&quot;times new roman&quot;,times,serif\"><span style=\"font-size:16px\">- Đổi h&agrave;ng trong 15 ng&agrave;y.&nbsp;</span></span></strong><em><span style=\"font-family:&quot;times new roman&quot;,times,serif\"><span style=\"font-size:16px\">(&Aacute;p dụng với sản phẩm chưa sử dụng, nguy&ecirc;n vẹn như khi nhận h&agrave;ng)</span></span></em></p>\r\n\r\n<p style=\"margin-left:0px; margin-right:0px; text-align:justify\"><strong><em>* C&aacute;ch thức mua h&agrave;ng:</em></strong></p>\r\n\r\n<ul style=\"margin-left:0px; margin-right:0px\">\r\n	<li style=\"text-align:justify\"><span style=\"font-family:&quot;times new roman&quot;,times,serif\"><span style=\"font-size:16px\">- Kh&aacute;ch h&agrave;ng tiến h&agrave;nh MUA H&Agrave;NG trực tiếp tr&ecirc;n website hoặc gọi điện tới Hotline:&nbsp;</span></span><span style=\"font-family:&quot;times new roman&quot;,times,serif; font-size:16px\"><a href=\"tel:0973 711 868\">0973 711 868</a></span><span style=\"font-family:&quot;times new roman&quot;,times,serif\"><span style=\"font-size:16px\">&nbsp;để được tư vấn.<br />\r\n	- Kh&aacute;ch h&agrave;ng sẽ nhận được sản phẩm sau 1 - 3 ng&agrave;y kể từ khi đặt h&agrave;ng.</span></span></li>\r\n</ul>\r\n\r\n<ul style=\"margin-left:0px; margin-right:0px\">\r\n	<li style=\"text-align:justify\">&nbsp;</li>\r\n</ul>\r\n\r\n<p style=\"margin-left:0px; margin-right:0px; text-align:justify\"><span style=\"color:#ff0000\"><em><strong><span style=\"font-family:&quot;times new roman&quot;,times,serif\"><span style=\"font-size:16px\">* Th&ocirc;ng tin li&ecirc;n hệ Myshoes.vn:</span></span></strong></em></span></p>\r\n\r\n<p><em><span style=\"font-family:&quot;times new roman&quot;,times,serif\"><span style=\"font-size:16px\">+&nbsp;</span></span></em><em><span style=\"font-family:&quot;times new roman&quot;,times,serif\"><span style=\"font-size:16px\">Showroom</span></span></em><em><span style=\"font-family:&quot;times new roman&quot;,times,serif\"><span style=\"font-size:16px\">: &nbsp;Tầng 2, 75 Ch&ugrave;a L&aacute;ng, H&agrave; Nội.&nbsp;</span></span></em></p>\r\n\r\n<p><em><span style=\"font-family:&quot;times new roman&quot;,times,serif\"><span style=\"font-size:16px\">+ Điện thoại:&nbsp;<a href=\"tel:0903 479 488\">(024)66 508 279</a>&nbsp;/ Hotline:&nbsp;<a href=\"tel:0973 711 868\">0973 711 868</a>&nbsp;(Zalo, Viber)</span></span></em></p>\r\n\r\n<p><em><span style=\"font-family:&quot;times new roman&quot;,times,serif\"><span style=\"font-size:16px\">+ Email: cskh@myshoes.vn</span></span></em></p>\r\n\r\n<p><em><span style=\"font-family:&quot;times new roman&quot;,times,serif\"><span style=\"font-size:16px\">+ Website:&nbsp;<a href=\"http://myshoes.vn\" target=\"_blank\">http://myshoes.vn</a></span></span></em></p>', 'giay-adidas-campus-nam-xam-01-600x600_0.jpg', 1, 1, '2018-01-25 06:25:12', '2018-01-25 06:25:12');
INSERT INTO `products` (`id`, `name`, `slug`, `price`, `pricesale`, `des`, `content`, `image`, `id_user`, `id_cate`, `created_at`, `updated_at`) VALUES
(9, 'Giày adidas Busenitz Pro Nam - Nâu Vàng', 'giay-adidas-busenitz-pro-nam-nau-vang', 2550000, 1550000, '<p><span style=\"font-family:&quot;times new roman&quot;,times,serif\"><span style=\"font-size:16px\">Với chất liệu da lộn v&agrave; đế cao su tự nhi&ecirc;n&nbsp;Busenitz Pro cho độ bền cao. Từng đường kim mũi chỉ đều rất tỉ mỉ, sắc n&eacute;t đến từng chi tiết, sự ổn định ch&iacute;nh l&agrave; ti&ecirc;u ch&iacute; h&agrave;ng đầu của đ&ocirc;i gi&agrave;y. Đ&acirc;y l&agrave; mẫu gi&agrave;y c&oacute; thiết kế đơn giản v&agrave; c&oacute; thể sử dụng trong rất nhiều hoạt động h&agrave;ng ng&agrave;y.</span></span></p>', '<div class=\"tab-content\" id=\"tab-description\" style=\"display:block\">\r\n<h2>Gi&agrave;y adidas Busenitz Pro Nam - N&acirc;u V&agrave;ng</h2>\r\n\r\n<p style=\"text-align:justify\"><em><span style=\"font-family:&quot;times new roman&quot;,times,serif\"><span style=\"font-size:16px\">Gi&agrave;y adidas Busenitz Pro được thiết kế bởi huyền thoại&nbsp;Dennis Busenitz. </span></span></em></p>\r\n\r\n<p style=\"text-align:justify\"><span style=\"font-family:&quot;times new roman&quot;,times,serif\"><span style=\"font-size:16px\">Với chất liệu da lộn v&agrave; đế cao su tự nhi&ecirc;n&nbsp;Busenitz Pro cho độ bền cao. Từng đường kim mũi chỉ đều rất tỉ mỉ, sắc n&eacute;t đến từng chi tiết, sự ổn định ch&iacute;nh l&agrave; ti&ecirc;u ch&iacute; h&agrave;ng đầu của đ&ocirc;i gi&agrave;y. Đ&acirc;y l&agrave; mẫu gi&agrave;y c&oacute; thiết kế đơn giản v&agrave; c&oacute; thể sử dụng trong rất nhiều hoạt động h&agrave;ng ng&agrave;y.&nbsp;</span></span></p>\r\n\r\n<p style=\"margin-left:0px; margin-right:0px; text-align:justify\"><strong><span style=\"font-family:&quot;times new roman&quot;,times,serif\"><span style=\"font-size:16px\">Gi&agrave;y adidas Busenitz&nbsp;Pro ch&iacute;nh h&atilde;ng tại&nbsp;<a href=\"http://myshoes.vn\" target=\"_blank\">Myshoes.vn</a>&nbsp;được nhập khẩu trực tiếp tại Mỹ qua đường h&agrave;ng kh&ocirc;ng. Full box, đầy đủ phụ kiện.</span></span></strong></p>\r\n\r\n<p style=\"text-align:center\"><img alt=\"giay-adidas-Busenitz-Pro-nam-nau-vang\" src=\"http://myshoes.vn/image/data/product11/2.12.17/giay-adidas-Busenitz-Pro-nam-nau-vang-01.jpg\" /></p>\r\n\r\n<p style=\"text-align:center\"><img alt=\"giay-adidas-Busenitz-Pro-nam-nau-vang\" src=\"http://myshoes.vn/image/data/product11/2.12.17/giay-adidas-Busenitz-Pro-nam-nau-vang-02.jpg\" /></p>\r\n\r\n<p style=\"text-align:center\"><img alt=\"giay-adidas-Busenitz-Pro-nam-nau-vang\" src=\"http://myshoes.vn/image/data/product11/2.12.17/giay-adidas-Busenitz-Pro-nam-nau-vang-03.jpg\" /></p>\r\n\r\n<p style=\"text-align:center\"><img alt=\"giay-adidas-Busenitz-Pro-nam-nau-vang\" src=\"http://myshoes.vn/image/data/product11/2.12.17/giay-adidas-Busenitz-Pro-nam-nau-vang-04.jpg\" /></p>\r\n\r\n<p style=\"margin-left:0px; margin-right:0px; text-align:justify\"><em><strong><span style=\"font-family:&quot;times new roman&quot;,times,serif\"><span style=\"font-size:16px\">* Myshoes.vn cam kết:</span></span></strong></em></p>\r\n\r\n<p style=\"margin-left:0px; margin-right:0px; text-align:justify\"><strong><span style=\"font-family:&quot;times new roman&quot;,times,serif\"><span style=\"font-size:16px\">- Gi&agrave;y adidas Busenitz Pro ch&iacute;nh h&atilde;ng 100%. Ph&aacute;t hiện h&agrave;ng Fake đền tiền gấp 2 lần gi&aacute; sản phẩm.</span></span></strong></p>\r\n\r\n<p style=\"margin-left:0px; margin-right:0px; text-align:justify\"><strong><span style=\"font-family:&quot;times new roman&quot;,times,serif\"><span style=\"font-size:16px\">- Myshoes.vn giao h&agrave;ng to&agrave;n quốc, miễn ph&iacute; vận chuyển tại H&agrave; Nội hoặc c&aacute;c tỉnh kh&aacute;c (với giao dịch chuyển khoản).</span></span></strong></p>\r\n\r\n<p style=\"margin-left:0px; margin-right:0px; text-align:justify\"><strong><span style=\"font-family:&quot;times new roman&quot;,times,serif\"><span style=\"font-size:16px\">- Đổi h&agrave;ng trong 15 ng&agrave;y.&nbsp;</span></span></strong><em><span style=\"font-family:&quot;times new roman&quot;,times,serif\"><span style=\"font-size:16px\">(&Aacute;p dụng với sản phẩm chưa sử dụng, nguy&ecirc;n vẹn như khi nhận h&agrave;ng)</span></span></em></p>\r\n\r\n<p style=\"margin-left:0px; margin-right:0px; text-align:justify\"><strong><em>* C&aacute;ch thức mua h&agrave;ng:</em></strong></p>\r\n\r\n<ul style=\"margin-left:0px; margin-right:0px\">\r\n	<li style=\"text-align:justify\"><span style=\"font-family:&quot;times new roman&quot;,times,serif\"><span style=\"font-size:16px\">- Kh&aacute;ch h&agrave;ng tiến h&agrave;nh MUA H&Agrave;NG trực tiếp tr&ecirc;n website hoặc gọi điện tới Hotline:&nbsp;0973 711 868&nbsp;để được tư vấn.<br />\r\n	- Kh&aacute;ch h&agrave;ng sẽ nhận được sản phẩm sau 1 - 3 ng&agrave;y kể từ khi đặt h&agrave;ng.</span></span></li>\r\n</ul>\r\n\r\n<p style=\"margin-left:0px; margin-right:0px; text-align:justify\">&nbsp;</p>\r\n\r\n<p style=\"margin-left:0px; margin-right:0px; text-align:justify\"><span style=\"color:#ff0000\"><em><strong><span style=\"font-family:&quot;times new roman&quot;,times,serif\"><span style=\"font-size:16px\">* Th&ocirc;ng tin li&ecirc;n hệ Myshoes.vn:</span></span></strong></em></span></p>\r\n\r\n<p><em><span style=\"font-family:&quot;times new roman&quot;,times,serif\"><span style=\"font-size:16px\">+&nbsp;</span></span></em><em><span style=\"font-family:&quot;times new roman&quot;,times,serif\"><span style=\"font-size:16px\">Showroom</span></span></em><em><span style=\"font-family:&quot;times new roman&quot;,times,serif\"><span style=\"font-size:16px\">: &nbsp;Tầng 2, 75 Ch&ugrave;a L&aacute;ng, H&agrave; Nội.&nbsp;</span></span></em></p>\r\n\r\n<p><em><span style=\"font-family:&quot;times new roman&quot;,times,serif\"><span style=\"font-size:16px\">+ Điện thoại: 0903 479 488 / Hotline:&nbsp;0973 711 868&nbsp;(Zalo, Viber)</span></span></em></p>\r\n\r\n<p><em><span style=\"font-family:&quot;times new roman&quot;,times,serif\"><span style=\"font-size:16px\">+ Email: cskh@myshoes.vn</span></span></em></p>\r\n\r\n<p><em><span style=\"font-family:&quot;times new roman&quot;,times,serif\"><span style=\"font-size:16px\">+ Website:&nbsp;<a href=\"http://myshoes.vn\" target=\"_blank\">http://myshoes.vn</a></span></span></em></p>\r\n</div>', 'giay-adidas-Busenitz-Pro-nam-nau-vang-01-600x600_0.jpg', 1, 1, '2018-01-25 06:30:41', '2018-01-25 06:30:41'),
(10, 'Giày Puma Smash SD Nam - Xanh Rêu', 'giay-puma-smash-sd-nam-xanh-reu', 1790000, 1290000, '<p><span style=\"font-family:times new roman,times,serif\"><span style=\"font-size:16px\">Gi&agrave;y Puma Smash SD mang kiểu d&aacute;ng của một đ&ocirc;i gi&agrave;y tennis cổ điển tuy nhi&ecirc;n đ&atilde; được cải tiến v&agrave; sở hữ vẻ ngo&agrave;i v&ocirc; c&ugrave;ng hiện đại với phần upper bằng chất liệu vải da lộn, bền bỉ v&agrave; thanh lịch. Nếu bạn cần một đ&ocirc;i gi&agrave;y để mang h&agrave;ng ng&agrave;y đơn giản lại bắt mắt th&igrave; Puma Smash SD ch&iacute;nh l&agrave; lựa chọn th&iacute;ch hợp nhất.</span></span></p>', '<div class=\"tab-content\" id=\"tab-description\">\r\n<h2>Gi&agrave;y Puma Smash SD Nam - Xanh R&ecirc;u</h2>\r\n\r\n<p><span style=\"font-family:times new roman,times,serif\"><span style=\"font-size:16px\">Gi&agrave;y Puma Smash SD mang kiểu d&aacute;ng của một đ&ocirc;i gi&agrave;y tennis cổ điển tuy nhi&ecirc;n đ&atilde; được cải tiến v&agrave; sở hữ vẻ ngo&agrave;i v&ocirc; c&ugrave;ng hiện đại với phần upper bằng chất liệu vải da lộn, bền bỉ v&agrave; thanh lịch. Nếu bạn cần một đ&ocirc;i gi&agrave;y để mang h&agrave;ng ng&agrave;y đơn giản lại bắt mắt th&igrave; Puma Smash SD ch&iacute;nh l&agrave; lựa chọn th&iacute;ch hợp nhất.</span></span><strong><span style=\"font-family:&quot;times new roman&quot;,times,serif\"><span style=\"font-size:16px\">Gi&agrave;y Puma Smash SD ch&iacute;nh h&atilde;ng tại Myshoes.vn được nhập khẩu trực tiếp tại Mỹ qua đường h&agrave;ng kh&ocirc;ng. Full box, đầy đủ phụ kiện.&nbsp;</span></span></strong></p>\r\n\r\n<p style=\"text-align:center\"><img alt=\"giay-puma-smash-SD-nam-xanh-reu\" src=\"http://myshoes.vn/image/data/product11/13.12.17/giay-puma-smash-SD-nam-xanh-reu-01.jpg\" /></p>\r\n\r\n<p style=\"text-align:center\"><img alt=\"giay-puma-smash-SD-nam-xanh-reu\" src=\"http://myshoes.vn/image/data/product11/13.12.17/giay-puma-smash-SD-nam-xanh-reu-02.jpg\" /></p>\r\n\r\n<p style=\"text-align:center\"><img alt=\"giay-puma-smash-SD-nam-xanh-reu\" src=\"http://myshoes.vn/image/data/product11/13.12.17/giay-puma-smash-SD-nam-xanh-reu-03.jpg\" /></p>\r\n\r\n<p style=\"text-align:center\"><img alt=\"giay-puma-smash-SD-nam-xanh-reu\" src=\"http://myshoes.vn/image/data/product11/13.12.17/giay-puma-smash-SD-nam-xanh-reu-04.jpg\" /></p>\r\n\r\n<p style=\"text-align:center\"><img alt=\"giay-puma-smash-SD-nam-xanh-reu\" src=\"http://myshoes.vn/image/data/product11/13.12.17/giay-puma-smash-SD-nam-xanh-reu-05.jpg\" /></p>\r\n\r\n<p style=\"margin-left:0px; margin-right:0px\"><span style=\"font-size:14px\"><span style=\"color:#6e6e6e\"><span style=\"font-family:Oxygen,sans-serif\"><em><span style=\"color:#ff0000\"><strong><span style=\"font-family:&quot;times new roman&quot;,times,serif\"><span style=\"font-size:16px\">* Myshoes.vn cam kết:</span></span></strong></span></em></span></span></span></p>\r\n\r\n<p style=\"margin-left:0px; margin-right:0px; text-align:justify\"><span style=\"font-size:14px\"><span style=\"color:#6e6e6e\"><span style=\"font-family:Oxygen,sans-serif\"><strong><span style=\"font-family:&quot;times new roman&quot;,times,serif\"><span style=\"font-size:16px\">- Gi&agrave;y Puma Smash SD&nbsp;Nam ch&iacute;nh h&atilde;ng 100%. Ph&aacute;t hiện h&agrave;ng Fake đền tiền gấp 2 lần gi&aacute; sản phẩm.</span></span></strong></span></span></span></p>\r\n\r\n<p style=\"margin-left:0px; margin-right:0px; text-align:justify\"><span style=\"font-size:14px\"><span style=\"color:#6e6e6e\"><span style=\"font-family:Oxygen,sans-serif\"><strong><span style=\"font-family:&quot;times new roman&quot;,times,serif\"><span style=\"font-size:16px\">- Myshoes.vn giao h&agrave;ng to&agrave;n quốc, miễn ph&iacute; vận chuyển tại H&agrave; Nội hoặc c&aacute;c tỉnh kh&aacute;c (với c&aacute;c giao dịch chuyển khoản).</span></span></strong></span></span></span></p>\r\n\r\n<p style=\"margin-left:0px; margin-right:0px; text-align:justify\"><span style=\"color:#6e6e6e\"><span style=\"font-family:times new roman,times,serif\"><span style=\"font-size:16px\"><strong>- Đổi h&agrave;ng trong 15 ng&agrave;y.&nbsp;</strong></span></span><em><span style=\"font-family:&quot;times new roman&quot;,times,serif\"><span style=\"font-size:16px\">(&Aacute;p dụng với sản phẩm chưa sử dụng, nguy&ecirc;n vẹn như khi nhận h&agrave;ng)</span></span></em></span></p>\r\n\r\n<p style=\"margin-left:0px; margin-right:0px; text-align:justify\"><span style=\"font-size:14px\"><span style=\"color:#6e6e6e\"><span style=\"font-family:Oxygen,sans-serif\"><strong><em>* C&aacute;ch thức mua h&agrave;ng:</em></strong></span></span></span></p>\r\n\r\n<ul style=\"margin-left:0px; margin-right:0px\">\r\n	<li style=\"text-align:justify\"><span style=\"font-family:&quot;times new roman&quot;,times,serif\"><span style=\"font-size:16px\">- Kh&aacute;ch h&agrave;ng tiến h&agrave;nh MUA H&Agrave;NG trực tiếp tr&ecirc;n website hoặc gọi điện tới Hotline: 0973 711 868 để được tư vấn.</span></span></li>\r\n	<li style=\"text-align:justify\"><span style=\"font-family:&quot;times new roman&quot;,times,serif\"><span style=\"font-size:16px\">- Kh&aacute;ch h&agrave;ng sẽ nhận được sản phẩm sau 1 - 3 ng&agrave;y kể từ khi đặt h&agrave;ng.</span></span></li>\r\n	<li>&nbsp;</li>\r\n</ul>\r\n\r\n<p style=\"margin-left:0px; margin-right:0px; text-align:justify\"><span style=\"font-size:14px\"><span style=\"color:#6e6e6e\"><span style=\"font-family:Oxygen,sans-serif\"><span style=\"color:#ff0000\"><em><strong><span style=\"font-family:&quot;times new roman&quot;,times,serif\"><span style=\"font-size:16px\">* Th&ocirc;ng tin li&ecirc;n hệ Myshoes.vn:</span></span></strong></em></span></span></span></span></p>\r\n\r\n<p style=\"margin-left:0px; margin-right:0px; text-align:justify\"><span style=\"font-size:14px\"><span style=\"color:#6e6e6e\"><span style=\"font-family:Oxygen,sans-serif\"><em><span style=\"font-family:&quot;times new roman&quot;,times,serif\"><span style=\"font-size:16px\">+ Showroom: &nbsp;Tầng 2, 75 Ch&ugrave;a L&aacute;ng, H&agrave; Nội.&nbsp;</span></span></em></span></span></span></p>\r\n\r\n<div><em><span style=\"font-family:&quot;times new roman&quot;,times,serif\"><span style=\"font-size:16px\">+ Điện thoại: 0903 479 488 /&nbsp;</span></span></em><em><span style=\"font-family:&quot;times new roman&quot;,times,serif\"><span style=\"font-size:16px\">Hotline: 0973 711 868 (Zalo, Viber)</span></span></em></div>\r\n\r\n<p><em><span style=\"font-family:&quot;times new roman&quot;,times,serif\"><span style=\"font-size:16px\">+ Email: cskh@myshoes.vn</span></span></em></p>\r\n\r\n<p><em><span style=\"font-family:&quot;times new roman&quot;,times,serif\"><span style=\"font-size:16px\">+ Website:&nbsp;<a href=\"http://myshoes.vn\" target=\"_blank\">http://myshoes.vn</a></span></span></em></p>\r\n</div>', 'giay-puma-smash-SD-nam-xanh-reu-02-600x600_0.jpg', 1, 3, '2018-01-25 11:02:21', '2018-01-25 11:02:21'),
(11, 'Giày Puma Suede Badge Nam - Xám', 'giay-puma-suede-badge-nam-xam', 1790000, 1390000, '<p><span style=\"font-family:&quot;times new roman&quot;,times,serif\"><span style=\"font-size:16px\">Gi&agrave;y&nbsp;Puma Suede Badge với kiểu d&aacute;ng v&ocirc; c&ugrave;ng thon gọn v&agrave; đẹp mắt đ&atilde; xuất hiện từ những năm 60, đến nay, n&oacute; được cải tiến vả trở th&agrave;nh một đ&ocirc;i gi&agrave;y thời trang v&ocirc; c&ugrave;ng hiện đại. Đ&ocirc;i gi&agrave;y sử dụng chất liệu vải nhung thanh lịch tr&ecirc;n upper v&agrave; đế gi&agrave;y cao su nguy&ecirc;n chất v&ocirc; c&ugrave;ng mềm v&agrave; &ecirc;m &aacute;i. Logo Puma được đặt tại lưỡi g&agrave; v&agrave; g&oacute;t gi&agrave;y l&agrave;m tăng sự thời thượng cho phong c&aacute;ch của bạn.</span></span></p>', '<div class=\"tab-content\" id=\"tab-description\">\r\n<h2>Gi&agrave;y Puma Suede Badge Nam - X&aacute;m</h2>\r\n\r\n<p><span style=\"font-family:&quot;times new roman&quot;,times,serif\"><span style=\"font-size:16px\">Gi&agrave;y&nbsp;Puma Suede Badge với kiểu d&aacute;ng v&ocirc; c&ugrave;ng thon gọn v&agrave; đẹp mắt đ&atilde; xuất hiện từ những năm 60, đến nay, n&oacute; được cải tiến vả trở th&agrave;nh một đ&ocirc;i gi&agrave;y thời trang v&ocirc; c&ugrave;ng hiện đại. Đ&ocirc;i gi&agrave;y sử dụng chất liệu vải nhung thanh lịch tr&ecirc;n upper v&agrave; đế gi&agrave;y cao su nguy&ecirc;n chất v&ocirc; c&ugrave;ng mềm v&agrave; &ecirc;m &aacute;i. Logo Puma được đặt tại lưỡi g&agrave; v&agrave; g&oacute;t gi&agrave;y l&agrave;m tăng sự thời thượng cho phong c&aacute;ch của bạn.</span></span></p>\r\n\r\n<p><strong><span style=\"font-family:&quot;times new roman&quot;,times,serif\"><span style=\"font-size:16px\">Gi&agrave;y Puma Suede Badge ch&iacute;nh h&atilde;ng tại Myshoes.vn được nhập khẩu trực tiếp tại Mỹ qua đường h&agrave;ng kh&ocirc;ng. Full box, đầy đủ phụ kiện.&nbsp;</span></span></strong></p>\r\n\r\n<p style=\"text-align:center\"><img alt=\"giay-puma-suede-badge- nam-xam\" src=\"http://myshoes.vn/image/data/product11/10.12.17/giay-puma-suede-badge- nam-xam-03.jpg\" /></p>\r\n\r\n<p style=\"text-align:center\"><img alt=\"giay-puma-suede-badge- nam-xam\" src=\"http://myshoes.vn/image/data/product11/10.12.17/giay-puma-suede-badge- nam-xam-02.jpg\" /></p>\r\n\r\n<p style=\"text-align:center\"><img alt=\"giay-puma-suede-badge- nam-xam\" src=\"http://myshoes.vn/image/data/product11/10.12.17/giay-puma-suede-badge- nam-xam-01.jpg\" /></p>\r\n\r\n<p style=\"text-align:center\"><img alt=\"giay-puma-suede-badge- nam-xam\" src=\"http://myshoes.vn/image/data/product11/10.12.17/giay-puma-suede-badge- nam-xam-04.jpg\" /></p>\r\n\r\n<p style=\"margin-left:0px; margin-right:0px\"><span style=\"font-size:14px\"><span style=\"color:#6e6e6e\"><span style=\"font-family:Oxygen,sans-serif\"><em><span style=\"color:#ff0000\"><strong><span style=\"font-family:&quot;times new roman&quot;,times,serif\"><span style=\"font-size:16px\">* Myshoes.vn cam kết:</span></span></strong></span></em></span></span></span></p>\r\n\r\n<p style=\"margin-left:0px; margin-right:0px; text-align:justify\"><span style=\"font-size:14px\"><span style=\"color:#6e6e6e\"><span style=\"font-family:Oxygen,sans-serif\"><strong><span style=\"font-family:&quot;times new roman&quot;,times,serif\"><span style=\"font-size:16px\">- Gi&agrave;y Puma Suede Badge ch&iacute;nh h&atilde;ng 100%. Ph&aacute;t hiện h&agrave;ng Fake đền tiền gấp 2 lần gi&aacute; sản phẩm.</span></span></strong></span></span></span></p>\r\n\r\n<p style=\"margin-left:0px; margin-right:0px; text-align:justify\"><span style=\"font-size:14px\"><span style=\"color:#6e6e6e\"><span style=\"font-family:Oxygen,sans-serif\"><strong><span style=\"font-family:&quot;times new roman&quot;,times,serif\"><span style=\"font-size:16px\">- Myshoes.vn giao h&agrave;ng to&agrave;n quốc, miễn ph&iacute; vận chuyển tại H&agrave; Nội hoặc c&aacute;c tỉnh kh&aacute;c (với c&aacute;c giao dịch chuyển khoản).</span></span></strong></span></span></span></p>\r\n\r\n<p style=\"margin-left:0px; margin-right:0px; text-align:justify\"><span style=\"color:#6e6e6e\"><span style=\"font-family:times new roman,times,serif\"><span style=\"font-size:16px\"><strong>- Đổi h&agrave;ng trong 15 ng&agrave;y.&nbsp;</strong></span></span><em><span style=\"font-family:&quot;times new roman&quot;,times,serif\"><span style=\"font-size:16px\">(&Aacute;p dụng với sản phẩm chưa sử dụng, nguy&ecirc;n vẹn như khi nhận h&agrave;ng)</span></span></em></span></p>\r\n\r\n<p style=\"margin-left:0px; margin-right:0px; text-align:justify\"><span style=\"font-size:14px\"><span style=\"color:#6e6e6e\"><span style=\"font-family:Oxygen,sans-serif\"><strong><em>* C&aacute;ch thức mua h&agrave;ng:</em></strong></span></span></span></p>\r\n\r\n<ul style=\"margin-left:0px; margin-right:0px\">\r\n	<li style=\"text-align:justify\"><span style=\"font-family:&quot;times new roman&quot;,times,serif\"><span style=\"font-size:16px\">- Kh&aacute;ch h&agrave;ng tiến h&agrave;nh MUA H&Agrave;NG trực tiếp tr&ecirc;n website hoặc gọi điện tới Hotline: 0973 711 868 để được tư vấn.</span></span></li>\r\n	<li style=\"text-align:justify\"><span style=\"font-family:&quot;times new roman&quot;,times,serif\"><span style=\"font-size:16px\">- Kh&aacute;ch h&agrave;ng sẽ nhận được sản phẩm sau 1 - 3 ng&agrave;y kể từ khi đặt h&agrave;ng.</span></span></li>\r\n	<li>&nbsp;</li>\r\n</ul>\r\n\r\n<p style=\"margin-left:0px; margin-right:0px; text-align:justify\"><span style=\"font-size:14px\"><span style=\"color:#6e6e6e\"><span style=\"font-family:Oxygen,sans-serif\"><span style=\"color:#ff0000\"><em><strong><span style=\"font-family:&quot;times new roman&quot;,times,serif\"><span style=\"font-size:16px\">* Th&ocirc;ng tin li&ecirc;n hệ Myshoes.vn:</span></span></strong></em></span></span></span></span></p>\r\n\r\n<p style=\"margin-left:0px; margin-right:0px; text-align:justify\"><span style=\"font-size:14px\"><span style=\"color:#6e6e6e\"><span style=\"font-family:Oxygen,sans-serif\"><em><span style=\"font-family:&quot;times new roman&quot;,times,serif\"><span style=\"font-size:16px\">+ Showroom: &nbsp;Tầng 2, 75 Ch&ugrave;a L&aacute;ng, H&agrave; Nội.&nbsp;</span></span></em></span></span></span></p>\r\n\r\n<div><em><span style=\"font-family:&quot;times new roman&quot;,times,serif\"><span style=\"font-size:16px\">+ Điện thoại: 0903 479 488 /&nbsp;</span></span></em><em><span style=\"font-family:&quot;times new roman&quot;,times,serif\"><span style=\"font-size:16px\">Hotline: 0973 711 868 (Zalo, Viber)</span></span></em></div>\r\n\r\n<p><em><span style=\"font-family:&quot;times new roman&quot;,times,serif\"><span style=\"font-size:16px\">+ Email: cskh@myshoes.vn</span></span></em></p>\r\n\r\n<p><em><span style=\"font-family:&quot;times new roman&quot;,times,serif\"><span style=\"font-size:16px\">+ Website:&nbsp;<a href=\"http://myshoes.vn\" target=\"_blank\">http://myshoes.vn</a></span></span></em></p>\r\n</div>', 'giay-puma-suede-badge- nam-xam-03-600x600_0.jpg', 1, 3, '2018-01-25 11:04:58', '2018-01-25 11:04:58'),
(12, 'Giày Puma Basket Classic Nam - Navy', 'giay-puma-basket-classic-nam-navy', 2190000, 2090000, '<p><span style=\"font-family:&quot;times new roman&quot;,times,serif\"><span style=\"font-size:16px\">Gi&agrave;y&nbsp;Puma Basket Classic với kiểu d&aacute;ng v&ocirc; c&ugrave;ng thon gọn v&agrave; đẹp mắt đ&atilde; xuất hiện từ những năm 60, đến nay, n&oacute; được cải tiến vả trở th&agrave;nh một đ&ocirc;i gi&agrave;y thời trang v&ocirc; c&ugrave;ng hiện đại. Đ&ocirc;i gi&agrave;y sử dụng chất liệu da cao cấp tr&ecirc;n upper v&agrave; đế gi&agrave;y cao su nguy&ecirc;n chất v&ocirc; c&ugrave;ng mềm v&agrave; &ecirc;m &aacute;i. Logo Puma được đặt tại lưỡi g&agrave; v&agrave; g&oacute;t gi&agrave;y l&agrave;m tăng sự thời thượng cho phong c&aacute;ch của bạn.</span></span></p>', '<div class=\"tab-content\" id=\"tab-description\">\r\n<h2>Gi&agrave;y Puma Basket Classic Nam - Navy</h2>\r\n\r\n<p><span style=\"font-family:&quot;times new roman&quot;,times,serif\"><span style=\"font-size:16px\">Gi&agrave;y&nbsp;Puma Basket Classic với kiểu d&aacute;ng v&ocirc; c&ugrave;ng thon gọn v&agrave; đẹp mắt đ&atilde; xuất hiện từ những năm 60, đến nay, n&oacute; được cải tiến vả trở th&agrave;nh một đ&ocirc;i gi&agrave;y thời trang v&ocirc; c&ugrave;ng hiện đại. Đ&ocirc;i gi&agrave;y sử dụng chất liệu da cao cấp tr&ecirc;n upper v&agrave; đế gi&agrave;y cao su nguy&ecirc;n chất v&ocirc; c&ugrave;ng mềm v&agrave; &ecirc;m &aacute;i. Logo Puma được đặt tại lưỡi g&agrave; v&agrave; g&oacute;t gi&agrave;y l&agrave;m tăng sự thời thượng cho phong c&aacute;ch của bạn.</span></span></p>\r\n\r\n<p><strong><span style=\"font-family:&quot;times new roman&quot;,times,serif\"><span style=\"font-size:16px\">Gi&agrave;y Puma Basket Classic Nam ch&iacute;nh h&atilde;ng tại Myshoes.vn được nhập khẩu trực tiếp tại Mỹ qua đường h&agrave;ng kh&ocirc;ng. Full box, đầy đủ phụ kiện.</span></span></strong></p>\r\n\r\n<p style=\"text-align:center\"><img alt=\"giay-puma-basket-classic-citi-nam-navy\" src=\"http://myshoes.vn/image/data/product11/10.12.17/giay-puma-basket-classic-citi-nam-navy-01.jpg\" /></p>\r\n\r\n<p style=\"text-align:center\"><img alt=\"giay-puma-basket-classic-citi-nam-navy\" src=\"http://myshoes.vn/image/data/product11/10.12.17/giay-puma-basket-classic-citi-nam-navy-02.jpg\" /></p>\r\n\r\n<p style=\"text-align:center\"><img alt=\"giay-puma-basket-classic-citi-nam-navy\" src=\"http://myshoes.vn/image/data/product11/10.12.17/giay-puma-basket-classic-citi-nam-navy-03.jpg\" /></p>\r\n\r\n<p style=\"text-align:center\"><img alt=\"giay-puma-basket-classic-citi-nam-navy\" src=\"http://myshoes.vn/image/data/product11/10.12.17/giay-puma-basket-classic-citi-nam-navy-04.jpg\" /></p>\r\n\r\n<p><strong>&nbsp;</strong></p>\r\n\r\n<p style=\"margin-left:0px; margin-right:0px\"><span style=\"font-size:14px\"><span style=\"color:#6e6e6e\"><span style=\"font-family:Oxygen,sans-serif\"><em><span style=\"color:#ff0000\"><strong><span style=\"font-family:&quot;times new roman&quot;,times,serif\"><span style=\"font-size:16px\">* Myshoes.vn cam kết:</span></span></strong></span></em></span></span></span></p>\r\n\r\n<p style=\"margin-left:0px; margin-right:0px; text-align:justify\"><span style=\"font-size:14px\"><span style=\"color:#6e6e6e\"><span style=\"font-family:Oxygen,sans-serif\"><strong><span style=\"font-family:&quot;times new roman&quot;,times,serif\"><span style=\"font-size:16px\">- Gi&agrave;y Puma Basket Classic Nam ch&iacute;nh h&atilde;ng 100%. Ph&aacute;t hiện h&agrave;ng Fake đền tiền gấp 2 lần gi&aacute; sản phẩm.</span></span></strong></span></span></span></p>\r\n\r\n<p style=\"margin-left:0px; margin-right:0px; text-align:justify\"><span style=\"font-size:14px\"><span style=\"color:#6e6e6e\"><span style=\"font-family:Oxygen,sans-serif\"><strong><span style=\"font-family:&quot;times new roman&quot;,times,serif\"><span style=\"font-size:16px\">- Myshoes.vn giao h&agrave;ng to&agrave;n quốc, miễn ph&iacute; vận chuyển tại H&agrave; Nội hoặc c&aacute;c tỉnh kh&aacute;c (với c&aacute;c giao dịch chuyển khoản).</span></span></strong></span></span></span></p>\r\n\r\n<p style=\"margin-left:0px; margin-right:0px; text-align:justify\"><span style=\"color:#6e6e6e\"><span style=\"font-family:times new roman,times,serif\"><span style=\"font-size:16px\"><strong>- Đổi h&agrave;ng trong 15 ng&agrave;y.&nbsp;</strong></span></span><em><span style=\"font-family:&quot;times new roman&quot;,times,serif\"><span style=\"font-size:16px\">(&Aacute;p dụng với sản phẩm chưa sử dụng, nguy&ecirc;n vẹn như khi nhận h&agrave;ng)</span></span></em></span></p>\r\n\r\n<p style=\"margin-left:0px; margin-right:0px; text-align:justify\"><span style=\"font-size:14px\"><span style=\"color:#6e6e6e\"><span style=\"font-family:Oxygen,sans-serif\"><strong><em>* C&aacute;ch thức mua h&agrave;ng:</em></strong></span></span></span></p>\r\n\r\n<ul style=\"margin-left:0px; margin-right:0px\">\r\n	<li style=\"text-align:justify\"><span style=\"font-family:&quot;times new roman&quot;,times,serif\"><span style=\"font-size:16px\">- Kh&aacute;ch h&agrave;ng tiến h&agrave;nh MUA H&Agrave;NG trực tiếp tr&ecirc;n website hoặc gọi điện tới Hotline: 0973 711 868 để được tư vấn.<br />\r\n	- Kh&aacute;ch h&agrave;ng sẽ nhận được sản phẩm sau 1 - 3 ng&agrave;y kể từ khi đặt h&agrave;ng.</span></span></li>\r\n	<li style=\"text-align:justify\">&nbsp;</li>\r\n</ul>\r\n\r\n<p style=\"margin-left:0px; margin-right:0px; text-align:justify\"><span style=\"font-size:14px\"><span style=\"color:#6e6e6e\"><span style=\"font-family:Oxygen,sans-serif\"><span style=\"color:#ff0000\"><em><strong><span style=\"font-family:&quot;times new roman&quot;,times,serif\"><span style=\"font-size:16px\">* Th&ocirc;ng tin li&ecirc;n hệ Myshoes.vn:</span></span></strong></em></span></span></span></span></p>\r\n\r\n<p style=\"margin-left:0px; margin-right:0px; text-align:justify\"><span style=\"font-size:14px\"><span style=\"color:#6e6e6e\"><span style=\"font-family:Oxygen,sans-serif\"><em><span style=\"font-family:&quot;times new roman&quot;,times,serif\"><span style=\"font-size:16px\">+ Showroom: &nbsp;Tầng 2, 75 Ch&ugrave;a L&aacute;ng, H&agrave; Nội.&nbsp;</span></span></em></span></span></span></p>\r\n\r\n<div><em><span style=\"font-family:&quot;times new roman&quot;,times,serif\"><span style=\"font-size:16px\">+ Điện thoại: 0903 479 488 /&nbsp;</span></span></em><em><span style=\"font-family:&quot;times new roman&quot;,times,serif\"><span style=\"font-size:16px\">Hotline: 0973 711 868 (Zalo, Viber)</span></span></em></div>\r\n\r\n<p><em><span style=\"font-family:&quot;times new roman&quot;,times,serif\"><span style=\"font-size:16px\">+ Email: cskh@myshoes.vn</span></span></em></p>\r\n\r\n<p><em><span style=\"font-family:&quot;times new roman&quot;,times,serif\"><span style=\"font-size:16px\">+ Website:&nbsp;<a href=\"http://myshoes.vn\" target=\"_blank\">http://myshoes.vn</a></span></span></em></p>\r\n</div>', 'giay-puma-basket-classic-citi-nam-navy-01-600x600_0.jpg', 1, 3, '2018-01-25 11:07:15', '2018-01-25 11:07:15'),
(13, 'Giày adidas Superstar Nam - Xanh Navy', 'giay-adidas-superstar-nam-xanh-navy', 2290000, 2290000, '<p><strong><em><span style=\"font-family:&quot;times new roman&quot;,times,serif\"><span style=\"font-size:16px\">Gi&agrave;y&nbsp;<a href=\"http://myshoes.vn/giay-adidas\" target=\"_blank\">adidas</a>&nbsp;Superstar l&agrave; mẫu gi&agrave;y mang t&iacute;nh biểu tượng của adidas v&agrave; l&agrave; một trong những sản phẩm c&oacute; ảnh hưởng lớn nhất trong lịch sử ng&agrave;nh gi&agrave;y d&eacute;p.</span></span></em></strong></p>', '<div class=\"tab-content\" id=\"tab-description\" style=\"display:block\">\r\n<h2>Gi&agrave;y adidas Superstar Nam - Xanh Navy</h2>\r\n\r\n<p style=\"text-align:justify\"><strong><em><span style=\"font-family:&quot;times new roman&quot;,times,serif\"><span style=\"font-size:16px\">Gi&agrave;y&nbsp;<a href=\"http://myshoes.vn/giay-adidas\" target=\"_blank\">adidas</a>&nbsp;Superstar l&agrave; mẫu gi&agrave;y mang t&iacute;nh biểu tượng của adidas v&agrave; l&agrave; một trong những sản phẩm c&oacute; ảnh hưởng lớn nhất trong lịch sử ng&agrave;nh gi&agrave;y d&eacute;p.</span></span></em></strong></p>\r\n\r\n<p style=\"text-align:justify\"><span style=\"font-family:&quot;times new roman&quot;,times,serif\"><span style=\"font-size:16px\">Với thiết kế đơn giản nhưng bắt mắt,&nbsp;gi&agrave;y adidas Superstar&nbsp;cho bạn thỏa sức s&aacute;ng tạo đa dạng phong c&aacute;ch với trang phục m&igrave;nh y&ecirc;u th&iacute;ch. Ngo&agrave;i m&agrave;u trắng đen huyền thoại, Myshoes mang đến cho bạn th&ecirc;m một kết hợp m&agrave;u xanh trắng mới lạ. Đẳng cấp l&agrave; khi kh&ocirc;ng ph&ocirc; trương, kh&ocirc;ng m&agrave;u m&egrave; nhưng vẫn giữ được n&eacute;t độc đ&aacute;o của ri&ecirc;ng m&igrave;nh.</span></span></p>\r\n\r\n<p style=\"text-align:justify\"><strong><span style=\"font-family:&quot;times new roman&quot;,times,serif\"><span style=\"font-size:16px\">Gi&agrave;y adidas Superstar ch&iacute;nh h&atilde;ng tại&nbsp;<a href=\"http://myshoes.vn\" target=\"_blank\">Myshoes.vn</a>&nbsp;được nhập khẩu trực tiếp tại Mỹ qua đường h&agrave;ng kh&ocirc;ng. Full box, đầy đủ phụ kiện.</span></span></strong></p>\r\n\r\n<p style=\"text-align:center\"><img alt=\"giay-adidas-superstar-nam-xanh-navy\" src=\"http://myshoes.vn/image/data/product10/23.11.17/giay-adidas-superstar-nam-xanh-navy-01.jpg\" /></p>\r\n\r\n<p style=\"text-align:center\"><img alt=\"giay-adidas-superstar-nam-xanh-navy\" src=\"http://myshoes.vn/image/data/product10/23.11.17/giay-adidas-superstar-nam-xanh-navy-02.jpg\" /></p>\r\n\r\n<p style=\"text-align:center\"><img alt=\"giay-adidas-superstar-nam-xanh-navy\" src=\"http://myshoes.vn/image/data/product10/23.11.17/giay-adidas-superstar-nam-xanh-navy-03.jpg\" /></p>\r\n\r\n<p style=\"text-align:center\"><img alt=\"giay-adidas-superstar-nam-xanh-navy\" src=\"http://myshoes.vn/image/data/product10/23.11.17/giay-adidas-superstar-nam-xanh-navy-04.jpg\" /></p>\r\n\r\n<p style=\"text-align:center\"><img alt=\"giay-adidas-superstar-nam-xanh-navy\" src=\"http://myshoes.vn/image/data/product10/23.11.17/giay-adidas-superstar-nam-xanh-navy-05.jpg\" /></p>\r\n\r\n<p style=\"text-align:justify\"><em><strong><span style=\"font-family:&quot;times new roman&quot;,times,serif\"><span style=\"font-size:16px\">* Myshoes.vn cam kết:</span></span></strong></em></p>\r\n\r\n<p style=\"margin-left:0px; margin-right:0px; text-align:justify\"><strong><span style=\"font-family:&quot;times new roman&quot;,times,serif\"><span style=\"font-size:16px\">- Gi&agrave;y adidas Superstar ch&iacute;nh h&atilde;ng 100%. Ph&aacute;t hiện h&agrave;ng Fake đền tiền gấp 2 lần gi&aacute; sản phẩm.</span></span></strong></p>\r\n\r\n<p style=\"margin-left:0px; margin-right:0px; text-align:justify\"><strong><span style=\"font-family:&quot;times new roman&quot;,times,serif\"><span style=\"font-size:16px\">- Myshoes.vn giao h&agrave;ng to&agrave;n quốc, miễn ph&iacute; vận chuyển tại H&agrave; Nội hoặc c&aacute;c tỉnh kh&aacute;c (với giao dịch chuyển khoản).</span></span></strong></p>\r\n\r\n<p style=\"margin-left:0px; margin-right:0px; text-align:justify\"><strong><span style=\"font-family:&quot;times new roman&quot;,times,serif\"><span style=\"font-size:16px\">- Đổi h&agrave;ng trong 15 ng&agrave;y.&nbsp;</span></span></strong><em><span style=\"font-family:&quot;times new roman&quot;,times,serif\"><span style=\"font-size:16px\">(&Aacute;p dụng với sản phẩm chưa sử dụng, nguy&ecirc;n vẹn như khi nhận h&agrave;ng)</span></span></em></p>\r\n\r\n<p style=\"margin-left:0px; margin-right:0px; text-align:justify\">&nbsp;</p>\r\n\r\n<p style=\"margin-left:0px; margin-right:0px; text-align:justify\"><strong><em>* C&aacute;ch thức mua h&agrave;ng:</em></strong></p>\r\n\r\n<ul style=\"margin-left:0px; margin-right:0px\">\r\n	<li style=\"text-align:justify\"><span style=\"font-family:&quot;times new roman&quot;,times,serif\"><span style=\"font-size:16px\">- Kh&aacute;ch h&agrave;ng tiến h&agrave;nh MUA H&Agrave;NG trực tiếp tr&ecirc;n website hoặc gọi điện tới Hotline: 0973 711 868 để được tư vấn.<br />\r\n	- Kh&aacute;ch h&agrave;ng sẽ nhận được sản phẩm sau 1 - 3 ng&agrave;y kể từ khi đặt h&agrave;ng.</span></span></li>\r\n</ul>\r\n\r\n<p style=\"margin-left:0px; margin-right:0px; text-align:justify\">&nbsp;</p>\r\n\r\n<p style=\"margin-left:0px; margin-right:0px; text-align:justify\"><span style=\"color:#ff0000\"><em><strong><span style=\"font-family:&quot;times new roman&quot;,times,serif\"><span style=\"font-size:16px\">* Th&ocirc;ng tin li&ecirc;n hệ Myshoes.vn:</span></span></strong></em></span></p>\r\n\r\n<p><em><span style=\"font-family:&quot;times new roman&quot;,times,serif\"><span style=\"font-size:16px\">+ Văn ph&ograve;ng giao dịch: &nbsp;Tầng 2, 75 Ch&ugrave;a L&aacute;ng, H&agrave; Nội.&nbsp;</span></span></em></p>\r\n\r\n<p><em><span style=\"font-family:&quot;times new roman&quot;,times,serif\"><span style=\"font-size:16px\">+ Điện thoại: 0903 479 488 / Hotline: 0973 711 868 (Zalo, Viber)</span></span></em></p>\r\n\r\n<p><em><span style=\"font-family:&quot;times new roman&quot;,times,serif\"><span style=\"font-size:16px\">+ Email: cskh@myshoes.vn</span></span></em></p>\r\n\r\n<p><em><span style=\"font-family:&quot;times new roman&quot;,times,serif\"><span style=\"font-size:16px\">+ Website:&nbsp;<a href=\"http://myshoes.vn\" target=\"_blank\">http://myshoes.vn</a></span></span></em></p>\r\n</div>', 'giay-adidas-superstar-nam-xanh-navy-01-600x600_0.jpg', 1, 1, '2018-01-26 14:34:46', '2018-01-26 14:34:46'),
(14, 'Giày Adidas Los Angeles - Xanh camo', 'giay-adidas-los-angeles-xanh-camo', 2490000, 1490000, '<p><span style=\"font-family:\'times new roman\',times,serif\"><span style=\"font-size:16px\"><em>Gi&agrave;y adidas Los Angeles kiểu d&aacute;ng kinh điển v&agrave; lu&ocirc;n hợp mốt. Với thiết kế n&agrave;y chắc chắn kh&ocirc;ng một t&iacute;n đồ thời trang năng động n&agrave;o c&oacute; thể bỏ qua được.</em></span></span></p>', '<div class=\"tab-content\" id=\"tab-description\" style=\"display:block\">\r\n<h2>Gi&agrave;y Adidas Los Angeles - Xanh camo</h2>\r\n\r\n<p style=\"text-align:justify\"><span style=\"font-family:\'times new roman\',times,serif\"><span style=\"font-size:16px\"><em>Gi&agrave;y adidas Los Angeles kiểu d&aacute;ng kinh điển v&agrave; lu&ocirc;n hợp mốt. Với thiết kế n&agrave;y chắc chắn kh&ocirc;ng một t&iacute;n đồ thời trang năng động n&agrave;o c&oacute; thể bỏ qua được.</em></span></span></p>\r\n\r\n<p style=\"text-align:justify\"><span style=\"font-family:\'times new roman\',times,serif\"><span style=\"font-size:16px\">Với phần upper l&agrave;m từ vật liệu nhẹ v&agrave; rất tho&aacute;ng tạo cảm gi&aacute;c dễ chịu cho người sử dụng, đế gi&agrave;y được l&agrave;m từ cao su tự nhi&ecirc;n độc quyền của h&atilde;ng&nbsp;Continental cho độ bền vượt trội v&agrave; bảo vệ đ&ocirc;i ch&acirc;n trong qu&aacute; tr&igrave;nh di chuyển.</span></span></p>\r\n\r\n<p style=\"margin-left:0px; margin-right:0px; text-align:justify\"><strong><span style=\"font-family:\'times new roman\',times,serif\"><span style=\"font-size:16px\">Gi&agrave;y adidas Los Angeles ch&iacute;nh h&atilde;ng tại Myshoes.vn được nhập khẩu trực tiếp tại Mỹ qua đường h&agrave;ng kh&ocirc;ng. Full box, đầy đủ phụ kiện.&nbsp;</span></span></strong></p>\r\n\r\n<p style=\"margin-left:0px; margin-right:0px; text-align:justify\">&nbsp;</p>\r\n\r\n<p style=\"text-align:center\"><img alt=\"Giày adidas Los Angeles\" src=\"http://myshoes.vn/image/data/product/21.4.16/giay-adidas-Los-Angeles-AQ5464-02.jpg\" /></p>\r\n\r\n<p style=\"text-align:center\"><img alt=\"Giày adidas Los Angeles\" src=\"http://myshoes.vn/image/data/product/21.4.16/giay-adidas-Los-Angeles-AQ5464-03.jpg\" /></p>\r\n\r\n<p style=\"text-align:center\"><img alt=\"Giày adidas Los Angeles\" src=\"http://myshoes.vn/image/data/product/21.4.16/giay-adidas-Los-Angeles-AQ5464-04.jpg\" /></p>\r\n\r\n<p style=\"text-align:center\"><img alt=\"Giày adidas Los Angeles\" src=\"http://myshoes.vn/image/data/product/21.4.16/giay-adidas-Los-Angeles-AQ5464-05.jpg\" /></p>\r\n\r\n<p style=\"text-align:center\"><img alt=\"Giày adidas Los Angeles\" src=\"http://myshoes.vn/image/data/product/21.4.16/giay-adidas-Los-Angeles-AQ5464-06.jpg\" /></p>\r\n\r\n<p style=\"text-align:center\"><img alt=\"Giày adidas Los Angeles\" src=\"http://myshoes.vn/image/data/product/21.4.16/giay-adidas-Los-Angeles-AQ5464-07.jpg\" /></p>\r\n\r\n<p style=\"margin-left:0px; margin-right:0px; text-align:justify\">&nbsp;</p>\r\n\r\n<p style=\"margin-left:0px; margin-right:0px; text-align:justify\"><em><strong><span style=\"font-family:&quot;times new roman&quot;,times,serif\"><span style=\"font-size:16px\">* Myshoes.vn cam kết:</span></span></strong></em></p>\r\n\r\n<p style=\"margin-left:0px; margin-right:0px; text-align:justify\"><strong><span style=\"font-family:&quot;times new roman&quot;,times,serif\"><span style=\"font-size:16px\">- Gi&agrave;y Adidas Los Angeles ch&iacute;nh h&atilde;ng 100%. Ph&aacute;t hiện h&agrave;ng Fake đền tiền gấp 2 lần gi&aacute; sản phẩm.</span></span></strong></p>\r\n\r\n<p style=\"margin-left:0px; margin-right:0px; text-align:justify\"><strong><span style=\"font-family:&quot;times new roman&quot;,times,serif\"><span style=\"font-size:16px\">- Myshoes.vn giao h&agrave;ng to&agrave;n quốc, miễn ph&iacute; vận chuyển tại H&agrave; Nội hoặc c&aacute;c tỉnh kh&aacute;c (với giao dịch chuyển khoản).</span></span></strong></p>\r\n\r\n<p style=\"margin-left:0px; margin-right:0px; text-align:justify\"><strong><span style=\"font-family:&quot;times new roman&quot;,times,serif\"><span style=\"font-size:16px\">- Đổi h&agrave;ng trong 15 ng&agrave;y.&nbsp;</span></span></strong><em><span style=\"font-family:&quot;times new roman&quot;,times,serif\"><span style=\"font-size:16px\">(&Aacute;p dụng với sản phẩm chưa sử dụng, nguy&ecirc;n vẹn như khi nhận h&agrave;ng)</span></span></em></p>\r\n\r\n<p style=\"margin-left:0px; margin-right:0px; text-align:justify\"><strong><em>* C&aacute;ch thức mua h&agrave;ng :</em></strong></p>\r\n\r\n<ul style=\"margin-left:0px; margin-right:0px\">\r\n	<li style=\"text-align:justify\"><span style=\"font-family:&quot;times new roman&quot;,times,serif\"><span style=\"font-size:16px\">- Kh&aacute;ch h&agrave;ng tiến h&agrave;nh MUA H&Agrave;NG trực tiếp tr&ecirc;n website hoặc gọi điện tới Hotline: 0973 711 868 để được tư vấn.<br />\r\n	- Kh&aacute;ch h&agrave;ng sẽ nhận được sản phẩm sau 1 - 3 ng&agrave;y kể từ khi đặt h&agrave;ng.</span></span></li>\r\n</ul>\r\n\r\n<p style=\"margin-left:0px; margin-right:0px; text-align:justify\">&nbsp;</p>\r\n\r\n<p style=\"margin-left:0px; margin-right:0px; text-align:justify\"><span style=\"color:#ff0000\"><em><strong><span style=\"font-family:&quot;times new roman&quot;,times,serif\"><span style=\"font-size:16px\">* Th&ocirc;ng tin li&ecirc;n hệ Myshoes.vn:</span></span></strong></em></span></p>\r\n\r\n<p style=\"margin-left:0px; margin-right:0px; text-align:justify\"><em><span style=\"font-family:&quot;times new roman&quot;,times,serif\"><span style=\"font-size:16px\">+ Showroom: &nbsp;Tầng 2, 75 Ch&ugrave;a L&aacute;ng, H&agrave; Nội.&nbsp;</span></span></em></p>\r\n\r\n<div><em><span style=\"font-family:&quot;times new roman&quot;,times,serif\"><span style=\"font-size:16px\">+ Điện thoại: 0903 479 488 / Hotline: 0973 711 868 (Zalo, Viber)</span></span></em></div>\r\n\r\n<p><em><span style=\"font-family:&quot;times new roman&quot;,times,serif\"><span style=\"font-size:16px\">+ Email: cskh@myshoes.vn</span></span></em></p>\r\n</div>', 'giay-adidas-Los-Angeles-AQ5464-01-600x600_0.jpg', 1, 1, '2018-01-26 14:36:19', '2018-01-26 14:36:19'),
(15, 'oadjdioas', 'oadjdioas', 502200, 442023, '<p>sdkhfi</p>', '<p>jioqwwio</p>', 'Screenshot (2).png', 1, 1, '2018-02-25 08:12:34', '2018-02-25 08:12:34');

-- --------------------------------------------------------

--
-- Table structure for table `sildethreeimage`
--

CREATE TABLE `sildethreeimage` (
  `id` int(10) UNSIGNED NOT NULL,
  `image` varchar(191) COLLATE utf8mb4_unicode_ci NOT NULL,
  `created_at` timestamp NULL DEFAULT NULL,
  `updated_at` timestamp NULL DEFAULT NULL
) ENGINE=InnoDB DEFAULT CHARSET=utf8mb4 COLLATE=utf8mb4_unicode_ci;

--
-- Dumping data for table `sildethreeimage`
--

INSERT INTO `sildethreeimage` (`id`, `image`, `created_at`, `updated_at`) VALUES
(1, 'promotion-01.png', '2018-01-24 13:54:32', '2018-01-24 14:21:20'),
(2, 'promotion-02.png', '2018-01-24 14:00:02', '2018-01-24 14:00:02'),
(4, 'promotion-03.png', '2018-01-24 14:29:40', '2018-01-24 14:29:40');

-- --------------------------------------------------------

--
-- Table structure for table `slides`
--

CREATE TABLE `slides` (
  `id` int(10) UNSIGNED NOT NULL,
  `title` varchar(191) COLLATE utf8mb4_unicode_ci NOT NULL,
  `des` text COLLATE utf8mb4_unicode_ci NOT NULL,
  `link` varchar(191) COLLATE utf8mb4_unicode_ci NOT NULL,
  `image` varchar(191) COLLATE utf8mb4_unicode_ci NOT NULL,
  `created_at` timestamp NULL DEFAULT NULL,
  `updated_at` timestamp NULL DEFAULT NULL
) ENGINE=InnoDB DEFAULT CHARSET=utf8mb4 COLLATE=utf8mb4_unicode_ci;

--
-- Dumping data for table `slides`
--

INSERT INTO `slides` (`id`, `title`, `des`, `link`, `image`, `created_at`, `updated_at`) VALUES
(1, 'New Fashion of 2018', 'Lorem Ipsum is simply dummy text of the printing and typesetting industry.\r\nLorem Ipsum is simply dummy text of the printing and typesetting', 'None', 'slider-image-01.png', '2018-01-24 02:48:51', '2018-01-24 02:48:51'),
(3, 'New Fashion of 2019', 'Lorem Ipsum is simply dummy text of the printing and typesetting industry.\r\nLorem Ipsum is simply dummy text of the printing and typesetting', 'None', 'slider-image-02.png', '2018-01-24 13:30:31', '2018-01-24 13:30:31'),
(4, 'Collection For Winter', 'Etiam velit purus, luctus vitae velit sedauctor\r\negestas diam, Etiam velit purus.', 'None', 'slider-image-03.png', '2018-01-24 13:40:35', '2018-01-25 04:40:29');

-- --------------------------------------------------------

--
-- Table structure for table `users`
--

CREATE TABLE `users` (
  `id` int(10) UNSIGNED NOT NULL,
  `name` varchar(191) COLLATE utf8mb4_unicode_ci NOT NULL,
  `email` varchar(191) COLLATE utf8mb4_unicode_ci NOT NULL,
  `password` varchar(191) COLLATE utf8mb4_unicode_ci NOT NULL,
  `remember_token` varchar(100) COLLATE utf8mb4_unicode_ci DEFAULT NULL,
  `created_at` timestamp NULL DEFAULT NULL,
  `updated_at` timestamp NULL DEFAULT NULL
) ENGINE=InnoDB DEFAULT CHARSET=utf8mb4 COLLATE=utf8mb4_unicode_ci;

--
-- Dumping data for table `users`
--

INSERT INTO `users` (`id`, `name`, `email`, `password`, `remember_token`, `created_at`, `updated_at`) VALUES
(1, 'Phanvan', 'phanvan91@hotmail.com', '$2y$10$azV/3D9ktXUKNldAlNSyyeABjTIW1nAm5sbkxI9gnMi9rcf.HrLe.', 'N3MKTI55OhAUgok299tuJ0bLAXUAPiRehjq0dYkGXYDB9iChtwTXG5ShRRDQ', '2018-01-17 04:52:05', '2018-01-17 14:32:51'),
(3, 'Phan Admin', 'phanvan91@gmail.com', '$2y$10$q49Io43NItVByHZ4SrLUBuCQYXcsIccBFrGowWKDX1sorFw/cSfl2', 'YxEq5CamkPU1CjCZBZ0mwWP9gyTzWE0Zva4Ruxnz', '2018-01-17 08:19:04', '2018-01-17 15:31:43');

--
-- Indexes for dumped tables
--

--
-- Indexes for table `categories`
--
ALTER TABLE `categories`
  ADD PRIMARY KEY (`id`),
  ADD UNIQUE KEY `categories_name_unique` (`name`),
  ADD UNIQUE KEY `categories_slug_unique` (`slug`);

--
-- Indexes for table `customers`
--
ALTER TABLE `customers`
  ADD PRIMARY KEY (`id`);

--
-- Indexes for table `imagedetailproducts`
--
ALTER TABLE `imagedetailproducts`
  ADD PRIMARY KEY (`id`),
  ADD KEY `imagedetailproducts_id_product_foreign` (`id_product`);

--
-- Indexes for table `migrations`
--
ALTER TABLE `migrations`
  ADD PRIMARY KEY (`id`);

--
-- Indexes for table `order`
--
ALTER TABLE `order`
  ADD PRIMARY KEY (`id`),
  ADD KEY `order_id_cus_foreign` (`id_cus`);

--
-- Indexes for table `password_resets`
--
ALTER TABLE `password_resets`
  ADD KEY `password_resets_email_index` (`email`);

--
-- Indexes for table `products`
--
ALTER TABLE `products`
  ADD PRIMARY KEY (`id`),
  ADD UNIQUE KEY `products_name_unique` (`name`),
  ADD UNIQUE KEY `products_slug_unique` (`slug`),
  ADD KEY `products_id_user_foreign` (`id_user`),
  ADD KEY `products_id_cate_foreign` (`id_cate`);

--
-- Indexes for table `sildethreeimage`
--
ALTER TABLE `sildethreeimage`
  ADD PRIMARY KEY (`id`);

--
-- Indexes for table `slides`
--
ALTER TABLE `slides`
  ADD PRIMARY KEY (`id`);

--
-- Indexes for table `users`
--
ALTER TABLE `users`
  ADD PRIMARY KEY (`id`),
  ADD UNIQUE KEY `users_email_unique` (`email`);

--
-- AUTO_INCREMENT for dumped tables
--

--
-- AUTO_INCREMENT for table `categories`
--
ALTER TABLE `categories`
  MODIFY `id` int(10) UNSIGNED NOT NULL AUTO_INCREMENT, AUTO_INCREMENT=4;

--
-- AUTO_INCREMENT for table `customers`
--
ALTER TABLE `customers`
  MODIFY `id` int(10) UNSIGNED NOT NULL AUTO_INCREMENT, AUTO_INCREMENT=5;

--
-- AUTO_INCREMENT for table `imagedetailproducts`
--
ALTER TABLE `imagedetailproducts`
  MODIFY `id` int(10) UNSIGNED NOT NULL AUTO_INCREMENT, AUTO_INCREMENT=51;

--
-- AUTO_INCREMENT for table `migrations`
--
ALTER TABLE `migrations`
  MODIFY `id` int(10) UNSIGNED NOT NULL AUTO_INCREMENT, AUTO_INCREMENT=10;

--
-- AUTO_INCREMENT for table `order`
--
ALTER TABLE `order`
  MODIFY `id` int(10) UNSIGNED NOT NULL AUTO_INCREMENT, AUTO_INCREMENT=12;

--
-- AUTO_INCREMENT for table `products`
--
ALTER TABLE `products`
  MODIFY `id` int(10) UNSIGNED NOT NULL AUTO_INCREMENT, AUTO_INCREMENT=16;

--
-- AUTO_INCREMENT for table `sildethreeimage`
--
ALTER TABLE `sildethreeimage`
  MODIFY `id` int(10) UNSIGNED NOT NULL AUTO_INCREMENT, AUTO_INCREMENT=5;

--
-- AUTO_INCREMENT for table `slides`
--
ALTER TABLE `slides`
  MODIFY `id` int(10) UNSIGNED NOT NULL AUTO_INCREMENT, AUTO_INCREMENT=5;

--
-- AUTO_INCREMENT for table `users`
--
ALTER TABLE `users`
  MODIFY `id` int(10) UNSIGNED NOT NULL AUTO_INCREMENT, AUTO_INCREMENT=4;

--
-- Constraints for dumped tables
--

--
-- Constraints for table `imagedetailproducts`
--
ALTER TABLE `imagedetailproducts`
  ADD CONSTRAINT `imagedetailproducts_id_product_foreign` FOREIGN KEY (`id_product`) REFERENCES `products` (`id`) ON DELETE CASCADE;

--
-- Constraints for table `order`
--
ALTER TABLE `order`
  ADD CONSTRAINT `order_id_cus_foreign` FOREIGN KEY (`id_cus`) REFERENCES `customers` (`id`) ON DELETE CASCADE;

--
-- Constraints for table `products`
--
ALTER TABLE `products`
  ADD CONSTRAINT `products_id_cate_foreign` FOREIGN KEY (`id_cate`) REFERENCES `categories` (`id`) ON DELETE CASCADE,
  ADD CONSTRAINT `products_id_user_foreign` FOREIGN KEY (`id_user`) REFERENCES `users` (`id`) ON DELETE CASCADE;
COMMIT;

/*!40101 SET CHARACTER_SET_CLIENT=@OLD_CHARACTER_SET_CLIENT */;
/*!40101 SET CHARACTER_SET_RESULTS=@OLD_CHARACTER_SET_RESULTS */;
/*!40101 SET COLLATION_CONNECTION=@OLD_COLLATION_CONNECTION */;
